a 26 27 28 53 54 55 79 80 81 104 105 106 128 129 130 151 152 153 173 174 175 -404 -405 -406 0
a 26 27 28 53 54 55 79 80 81 104 105 106 128 129 130 151 152 153 -173 174 175 194 -195 196 -405 -406 0
a 26 27 28 53 54 55 79 80 81 104 105 106 128 129 130 -151 152 153 173 174 175 194 -195 196 -405 -406 0
a 26 27 28 53 54 55 79 80 81 104 105 106 -128 129 130 151 152 153 173 174 175 194 -195 196 -405 -406 0
a 26 27 28 53 54 55 79 80 81 -104 105 106 128 129 130 151 152 153 173 174 175 194 -195 196 -405 -406 0
a 26 27 28 53 54 55 -79 80 81 104 105 106 128 129 130 151 152 153 173 174 175 194 -195 196 -405 -406 0
a 27 28 54 55 79 80 81 104 105 106 128 129 130 151 152 153 173 174 175 194 -195 196 -405 -406 0
a 27 28 54 55 80 81 105 106 129 130 151 152 153 173 174 175 194 -195 196 214 -215 216 -405 -406 0
a 27 28 54 55 79 80 81 104 105 106 128 129 130 -151 152 153 173 174 175 194 -195 196 214 -215 216 -405 -406 0
a 27 28 54 55 79 80 81 104 105 106 128 129 130 151 152 153 -173 174 175 194 -195 196 214 -215 216 -405 -406 0
a 27 28 54 55 79 80 81 104 105 106 128 129 130 151 152 153 173 174 175 214 -215 216 -405 -406 0
a 26 27 28 53 54 55 80 81 105 106 128 129 130 151 152 153 173 174 175 214 -215 216 -405 -406 0
a 26 27 28 53 54 55 79 80 81 104 105 106 -128 129 130 151 152 153 173 174 175 214 -215 216 -405 -406 0
a 26 27 28 53 54 55 79 80 81 104 105 106 128 129 130 -151 152 153 173 174 175 214 -215 216 -405 -406 0
a -1 26 27 28 53 54 55 79 80 81 104 105 106 128 129 130 151 152 153 -173 174 175 214 -215 216 -405 -406 0
a 26 27 28 53 54 55 80 81 105 106 129 130 152 153 174 175 194 -195 196 214 -215 216 -405 -406 0
a 26 27 28 53 54 55 80 81 105 106 129 130 152 153 174 175 214 -215 216 233 -234 235 -405 -406 0
a -26 27 28 53 54 55 80 81 105 106 129 130 152 153 174 175 214 -215 216 233 -234 235 -405 -406 0
a -26 27 28 -53 54 55 80 81 105 106 129 130 152 153 174 175 214 -215 216 233 -234 235 -405 -406 0
a 26 27 28 -53 54 55 80 81 105 106 129 130 152 153 174 175 214 -215 216 233 -234 235 -405 -406 0
a 26 27 28 -53 54 55 80 81 105 106 129 130 152 153 174 175 -214 -215 216 233 -234 235 -405 -406 0
a 26 27 28 -53 54 55 80 81 105 106 129 130 152 153 174 175 194 -195 196 233 -234 235 -405 -406 0
a 26 27 28 -53 54 55 79 80 81 104 105 106 128 129 130 151 152 153 173 174 175 233 -234 235 -405 -406 0
a 26 27 28 53 54 55 80 81 105 106 128 129 130 151 152 153 173 174 175 233 -234 235 -405 -406 0
a 26 27 28 53 54 55 79 80 81 104 105 106 -128 129 130 151 152 153 173 174 175 233 -234 235 -405 -406 0
a 26 27 28 53 54 55 79 80 81 104 105 106 128 129 130 -151 152 153 173 174 175 233 -234 235 -405 -406 0
a -1 26 27 28 53 54 55 79 80 81 104 105 106 128 129 130 151 152 153 -173 174 175 233 -234 235 -405 -406 0
a -26 27 28 53 54 55 79 80 81 104 105 106 128 129 130 151 152 153 173 174 175 233 -234 235 -405 -406 0
a -26 27 28 53 54 55 80 81 105 106 129 130 152 153 174 175 194 -195 196 233 -234 235 -405 -406 0
a 26 27 28 53 54 55 80 81 105 106 129 130 152 153 174 175 194 -195 196 233 -234 235 -405 -406 0
a -1 27 28 53 54 55 80 81 105 106 129 130 152 153 174 175 233 -234 235 251 -252 253 -405 -406 0
a -1 27 28 -53 54 55 80 81 105 106 129 130 152 153 174 175 233 -234 235 251 -252 253 -405 -406 0
a -1 27 28 -53 54 55 80 81 105 106 129 130 152 153 174 175 -233 -234 235 251 -252 253 -405 -406 0
a -1 27 28 53 54 55 80 81 105 106 129 130 152 153 174 175 -233 -234 235 251 -252 253 -405 -406 0
a -1 27 28 53 54 55 80 81 105 106 129 130 152 153 174 175 -233 -234 -235 251 -252 253 -405 -406 0
a -1 27 28 -53 54 55 80 81 105 106 129 130 152 153 174 175 -233 -234 -235 251 -252 253 -405 -406 0
a -1 27 28 -53 54 55 80 81 105 106 129 130 152 153 174 175 233 -234 -235 251 -252 253 -405 -406 0
a -1 27 28 53 54 55 80 81 105 106 129 130 152 153 174 175 233 -234 -235 251 -252 253 -405 -406 0
a -1 27 28 53 54 55 80 81 105 106 129 130 152 153 174 175 233 234 -235 251 -252 253 -405 -406 0
a -1 27 28 -53 54 55 80 81 105 106 129 130 152 153 174 175 233 234 -235 251 -252 253 -405 -406 0
a -1 27 28 -53 54 55 80 81 105 106 129 130 152 153 174 175 -233 234 -235 251 -252 253 -405 -406 0
a -1 27 28 53 54 55 80 81 105 106 129 130 152 153 174 175 -233 234 -235 251 -252 253 -405 -406 0
a -1 27 28 54 55 80 81 105 106 129 130 152 153 174 175 -235 -251 -252 253 268 -269 270 -405 -406 0
a -1 -2 27 28 54 55 80 81 105 106 129 130 152 153 174 175 -235 -251 -252 -253 268 -269 270 -405 -406 0
a -1 27 28 54 55 80 81 105 106 129 130 152 153 174 175 -235 251 -252 -253 268 -269 270 -405 -406 0
a -1 27 28 54 55 80 81 105 106 129 130 152 153 174 175 -235 251 252 -253 268 -269 270 -405 -406 0
a -1 27 28 54 55 80 81 105 106 129 130 152 153 174 175 -235 -251 252 -253 268 -269 270 -405 -406 0
a 1 27 28 54 55 80 81 105 106 129 130 152 153 173 174 175 -235 252 -253 268 -269 270 -405 -406 0
a 1 27 28 54 55 80 81 105 106 129 130 152 153 173 174 175 -234 235 252 -253 268 -269 270 -405 -406 0
a -1 27 28 54 55 80 81 105 106 129 130 152 153 174 175 -234 235 252 -253 268 -269 270 -405 -406 0
a -1 27 28 54 55 80 81 105 106 129 130 152 153 174 175 -234 235 -252 -253 268 -269 270 -405 -406 0
a -1 -2 27 28 54 55 80 81 105 106 129 130 152 153 174 175 -234 235 -251 -252 253 268 -269 270 -405 -406 0
a -1 -2 27 28 54 55 80 81 105 106 129 130 152 153 174 175 -234 235 -251 -252 253 284 -285 286 -405 -406 0
a -1 27 28 54 55 80 81 105 106 129 130 152 153 174 175 -234 235 -252 -253 284 -285 286 -405 -406 0
a -1 27 28 54 55 80 81 105 106 129 130 152 153 174 175 -234 235 252 -253 284 -285 286 -405 -406 0
a 1 27 28 54 55 80 81 105 106 129 130 152 153 173 174 175 -234 235 252 -253 284 -285 286 -405 -406 0
a 1 27 28 54 55 80 81 105 106 129 130 152 153 173 174 175 -235 252 -253 284 -285 286 -405 -406 0
a -1 27 28 54 55 80 81 105 106 129 130 152 153 173 174 175 -235 252 -253 284 -285 286 -405 -406 0
a -1 27 28 54 55 80 81 105 106 129 130 152 153 -173 174 175 -235 252 -253 284 -285 286 -405 -406 0
a -1 -2 27 28 54 55 80 81 105 106 129 130 152 153 -173 174 175 -235 -252 -253 284 -285 286 -405 -406 0
a -1 -2 27 28 54 55 80 81 105 106 129 130 152 153 173 174 175 -235 -252 -253 284 -285 286 -405 -406 0
a -1 -2 27 28 54 55 80 81 105 106 129 130 152 153 174 175 -235 -251 -252 253 284 -285 286 -405 -406 0
a -1 -2 27 28 54 55 80 81 105 106 129 130 152 153 174 175 -235 -251 -252 253 299 -300 301 -405 -406 0
a -1 -2 27 28 54 55 80 81 105 106 129 130 152 153 174 175 -235 -252 -253 299 -300 301 -405 -406 0
a -1 -2 27 28 54 55 80 81 105 106 129 130 152 153 174 175 -235 252 -253 299 -300 301 -405 -406 0
a -1 2 27 28 54 55 80 81 105 106 129 130 152 153 174 175 -235 252 -253 299 -300 301 -405 -406 0
a 1 27 28 54 55 80 81 105 106 129 130 152 153 173 174 175 -235 252 -253 299 -300 301 -405 -406 0
a 1 27 28 54 55 80 81 105 106 129 130 152 153 173 174 175 -234 235 252 -253 299 -300 301 -405 -406 0
a -1 27 28 54 55 80 81 105 106 129 130 152 153 174 175 -234 235 252 -253 299 -300 301 -405 -406 0
a -1 -2 27 28 54 55 80 81 105 106 129 130 152 153 174 175 -234 235 -252 -253 299 -300 301 -405 -406 0
a -1 -2 27 28 54 55 80 81 105 106 129 130 152 153 174 175 -234 235 -251 -252 253 299 -300 301 -405 -406 0
a -1 -2 27 28 54 55 80 81 105 106 129 130 152 153 174 175 -234 235 -251 -252 253 313 -314 315 -405 -406 0
a -1 -2 27 28 54 55 80 81 105 106 129 130 152 153 174 175 -234 235 -252 -253 313 -314 315 -405 -406 0
a -1 27 28 54 55 80 81 105 106 129 130 152 153 174 175 -234 235 252 -253 313 -314 315 -405 -406 0
a 1 27 28 54 55 80 81 105 106 129 130 152 153 173 174 175 -234 235 252 -253 313 -314 315 -405 -406 0
a 1 2 27 28 54 55 80 81 105 106 129 130 152 153 173 174 175 -235 252 -253 313 -314 315 -405 -406 0
a -1 27 28 54 55 80 81 105 106 129 130 152 153 173 174 175 -235 252 -253 313 -314 315 -405 -406 0
a -1 27 28 54 55 80 81 105 106 129 130 152 153 -173 174 175 -235 252 -253 313 -314 315 -405 -406 0
a -1 -2 27 28 54 55 80 81 105 106 129 130 152 153 174 175 -235 -252 -253 313 -314 315 -405 -406 0
a -1 -2 27 28 54 55 80 81 105 106 129 130 152 153 174 175 -235 -251 -252 253 313 -314 315 -405 -406 0
a -1 -2 27 28 54 55 80 81 105 106 129 130 152 153 174 175 -235 -251 -252 253 326 -327 328 -405 -406 0
a -1 -2 27 28 54 55 80 81 105 106 129 130 152 153 174 175 -235 -252 -253 326 -327 328 -405 -406 0
a -1 -2 27 28 54 55 80 81 105 106 129 130 152 153 174 175 -235 252 -253 326 -327 328 -405 -406 0
a -1 2 27 28 54 55 80 81 105 106 129 130 152 153 174 175 -235 252 -253 326 -327 328 -405 -406 0
a 1 2 27 28 54 55 80 81 105 106 129 130 152 153 173 174 175 -235 252 -253 326 -327 328 -405 -406 0
a 1 2 27 28 54 55 80 81 105 106 129 130 152 153 173 174 175 -234 235 252 -253 326 -327 328 -405 -406 0
a -1 27 28 54 55 80 81 105 106 129 130 152 153 174 175 -234 235 252 -253 326 -327 328 -405 -406 0
a -1 -2 27 28 54 55 80 81 105 106 129 130 152 153 174 175 -234 235 -252 -253 326 -327 328 -405 -406 0
a -1 -2 27 28 54 55 80 81 105 106 129 130 152 153 174 175 -234 235 -251 -252 253 326 -327 328 -405 -406 0
a -1 -2 27 28 54 55 80 81 105 106 129 130 152 153 174 175 -234 235 -251 -252 253 338 -339 340 -405 -406 0
a -1 -2 27 28 54 55 80 81 105 106 129 130 152 153 174 175 -234 235 -253 338 -339 340 -405 -406 0
a 1 2 27 28 54 55 80 81 105 106 129 130 152 153 173 174 175 234 -235 252 -253 338 -339 340 -405 -406 0
a -1 2 27 28 54 55 80 81 105 106 129 130 152 153 174 175 234 -235 252 -253 338 -339 340 -405 -406 0
a -1 -2 27 28 54 55 80 81 105 106 129 130 152 153 174 175 -235 -251 -252 253 338 -339 340 -405 -406 0
a -1 -2 27 28 54 55 80 81 105 106 129 130 152 153 174 175 -235 -252 -253 338 -339 340 -405 -406 0
a -1 -2 27 28 54 55 80 81 105 106 129 130 152 153 174 175 -235 252 -253 338 -339 340 -405 -406 0
a -1 -2 27 28 54 55 80 81 105 106 129 130 152 153 174 175 -235 -338 -339 340 349 -350 351 -405 -406 0
a -1 -2 27 28 54 55 80 81 105 106 129 130 152 153 174 175 -235 -339 -340 349 -350 351 -405 -406 0
a -1 -2 27 28 54 55 80 81 105 106 129 130 152 153 174 175 -235 339 -340 349 -350 351 -405 -406 0
a -1 2 27 28 54 55 80 81 105 106 129 130 152 153 174 175 -235 339 -340 349 -350 351 -405 -406 0
a -1 2 27 28 54 55 80 81 105 106 129 130 152 153 174 175 234 -235 -339 -340 349 -350 351 -405 -406 0
a -1 2 27 28 54 55 80 81 105 106 129 130 152 153 174 175 234 -235 -338 -339 340 349 -350 351 -405 -406 0
a 1 2 27 28 54 55 80 81 105 106 129 130 152 153 173 174 175 -235 252 -253 349 -350 351 -405 -406 0
a 1 2 27 28 54 55 80 81 105 106 129 130 152 153 173 174 175 -234 235 252 -253 339 -340 349 -350 351 -405 -406 0
a -1 2 27 28 54 55 80 81 105 106 129 130 152 153 174 175 -234 235 339 -340 349 -350 351 -405 -406 0
a -1 -2 -3 27 28 54 55 80 81 105 106 129 130 152 153 174 175 -234 235 349 -350 351 -405 -406 0
a -1 -2 -3 27 28 54 55 80 81 105 106 129 130 152 153 174 175 -234 235 -349 -350 351 359 -360 361 -405 -406 0
a -1 -2 27 28 54 55 80 81 105 106 129 130 152 153 174 175 -234 235 -351 359 -360 361 -405 -406 0
a -1 2 27 28 54 55 80 81 105 106 129 130 152 153 174 175 -234 235 339 -340 359 -360 361 -405 -406 0
a 1 2 27 28 54 55 80 81 105 106 129 130 152 153 173 174 175 -234 235 252 -253 339 -340 359 -360 361 -405 -406 0
a 1 2 27 28 54 55 80 81 105 106 129 130 152 153 173 174 175 -235 252 -253 359 -360 361 -405 -406 0
a -1 2 27 28 54 55 80 81 105 106 129 130 152 153 174 175 -235 252 -253 359 -360 361 -405 -406 0
a -1 -2 27 28 54 55 80 81 105 106 129 130 152 153 174 175 -235 -251 -252 253 359 -360 361 -405 -406 0
a -1 -2 27 28 54 55 80 81 105 106 129 130 152 153 174 175 -235 -252 -253 359 -360 361 -405 -406 0
a -1 -2 27 28 54 55 80 81 105 106 129 130 152 153 174 175 -235 252 -253 359 -360 361 -405 -406 0
a -1 -2 27 28 54 55 80 81 105 106 129 130 152 153 174 175 -235 -359 -360 361 368 -369 370 -405 -406 0
a -1 -2 27 28 54 55 80 81 105 106 129 130 152 153 174 175 -235 -360 -361 368 -369 370 -405 -406 0
a -1 -2 27 28 54 55 80 81 105 106 129 130 152 153 174 175 -235 360 -361 368 -369 370 -405 -406 0
a -1 2 3 27 28 54 55 80 81 105 106 129 130 152 153 174 175 -235 360 -361 368 -369 370 -405 -406 0
a -1 2 3 27 28 54 55 80 81 105 106 129 130 152 153 174 175 -235 -360 -361 368 -369 370 -405 -406 0
a -1 2 3 27 28 54 55 80 81 105 106 129 130 152 153 174 175 -235 -359 -360 361 368 -369 370 -405 -406 0
a 1 2 3 27 28 54 55 80 81 105 106 129 130 152 153 173 174 175 -235 252 -253 368 -369 370 -405 -406 0
a 1 2 3 27 28 54 55 80 81 105 106 129 130 152 153 173 174 175 -234 235 252 -253 339 -340 350 -351 368 -369 370 -405 -406 0
a -1 2 3 27 28 54 55 80 81 105 106 129 130 152 153 174 175 -234 235 339 -340 350 -351 368 -369 370 -405 -406 0
a -1 -2 3 27 28 54 55 80 81 105 106 129 130 152 153 174 175 -234 235 350 -351 368 -369 370 -405 -406 0
a -1 -2 -3 27 28 54 55 80 81 105 106 129 130 152 153 174 175 -234 235 368 -369 370 -405 -406 0
a -1 -2 27 28 54 55 80 81 105 106 129 130 152 153 174 175 -234 235 -368 -369 370 376 -377 378 -405 -406 0
a -1 -2 27 28 54 55 80 81 105 106 129 130 152 153 174 175 -234 235 -370 376 -377 378 -405 -406 0
a -1 2 3 27 28 54 55 80 81 105 106 129 130 152 153 174 175 -234 235 339 -340 350 -351 376 -377 378 -405 -406 0
a 1 2 3 27 28 54 55 80 81 105 106 129 130 152 153 173 174 175 -234 235 252 -253 339 -340 350 -351 376 -377 378 -405 -406 0
a 1 2 3 27 28 54 55 80 81 105 106 129 130 152 153 173 174 175 -235 252 -253 376 -377 378 -405 -406 0
a -1 2 3 27 28 54 55 80 81 105 106 129 130 152 153 174 175 -235 252 -253 376 -377 378 -405 -406 0
a -1 -2 27 28 54 55 80 81 105 106 129 130 152 153 174 175 -235 -251 -252 253 376 -377 378 -405 -406 0
a -1 -2 27 28 54 55 80 81 105 106 129 130 152 153 174 175 -235 -252 -253 376 -377 378 -405 -406 0
a -1 -2 27 28 54 55 80 81 105 106 129 130 152 153 174 175 -235 252 -253 376 -377 378 -405 -406 0
a -1 -2 27 28 54 55 80 81 105 106 129 130 152 153 174 175 -235 -376 -377 378 383 -384 385 -405 -406 0
a -1 -2 27 28 54 55 80 81 105 106 129 130 152 153 174 175 -235 -377 -378 383 -384 385 -405 -406 0
a -1 -2 27 28 54 55 80 81 105 106 129 130 152 153 174 175 -235 377 -378 383 -384 385 -405 -406 0
a -1 2 3 27 28 54 55 80 81 105 106 129 130 152 153 174 175 -235 -378 383 -384 385 -405 -406 0
a -1 2 3 27 28 54 55 80 81 105 106 129 130 152 153 174 175 -235 -376 -377 378 383 -384 385 -405 -406 0
a -1 2 3 27 28 54 55 80 81 105 106 129 130 152 153 174 175 -234 235 339 -340 350 -351 383 -384 385 -405 -406 0
a -1 -2 3 27 28 54 55 80 81 105 106 129 130 152 153 174 175 -234 235 350 -351 383 -384 385 -405 -406 0
a -1 -2 -3 27 28 54 55 80 81 105 106 129 130 152 153 174 175 -234 235 383 -384 385 -405 -406 0
a -1 -2 27 28 54 55 80 81 105 106 129 130 152 153 174 175 -234 235 -383 -384 385 389 -390 391 -405 -406 0
a -1 -2 27 28 54 55 80 81 105 106 129 130 152 153 174 175 -234 235 -385 389 -390 391 -405 -406 0
a -1 2 3 27 28 54 55 80 81 105 106 129 130 152 153 174 175 -234 235 339 -340 350 -351 389 -390 391 -405 -406 0
a 1 2 3 27 28 54 55 80 81 105 106 129 130 152 153 173 174 175 -234 235 252 -253 339 -340 350 -351 384 -385 389 -390 391 -405 -406 0
a 1 2 3 27 28 54 55 80 81 105 106 129 130 152 153 173 174 175 -235 252 -253 384 -385 389 -390 391 -405 -406 0
a -1 2 3 27 28 54 55 80 81 105 106 129 130 152 153 174 175 -235 -385 389 -390 391 -405 -406 0
a -1 2 3 27 28 54 55 80 81 105 106 129 130 152 153 174 175 -235 -383 -384 385 389 -390 391 -405 -406 0
a -1 -2 -3 27 28 54 55 80 81 105 106 129 130 152 153 174 175 -235 -383 -384 385 389 -390 391 -405 -406 0
a -1 -2 -3 27 28 54 55 80 81 105 106 129 130 152 153 174 175 -235 -385 389 -390 391 -405 -406 0
a -1 -2 -3 27 28 54 55 80 81 105 106 129 130 152 153 174 175 -235 -389 -390 391 394 -395 396 -405 -406 0
a -1 -2 -3 27 28 54 55 80 81 105 106 129 130 152 153 174 175 -235 -391 394 -395 396 -405 -406 0
a -1 -2 27 28 54 55 80 81 105 106 129 130 152 153 174 175 -234 235 -391 394 -395 396 -405 -406 0
a -1 -2 27 28 54 55 80 81 105 106 129 130 152 153 174 175 -234 235 -389 -390 391 394 -395 396 -405 -406 0
a -1 2 3 27 28 54 55 80 81 105 106 129 130 152 153 174 175 -234 235 339 -340 350 -351 394 -395 396 -405 -406 0
a 1 2 3 27 28 54 55 80 81 105 106 129 130 152 153 173 174 175 -234 235 252 -253 339 -340 350 -351 384 -385 394 -395 396 -405 -406 0
a 1 2 3 27 28 54 55 80 81 105 106 129 130 152 153 173 174 175 -234 235 252 -253 339 -340 350 -351 384 -385 398 -399 400 -405 -406 0
a -1 2 3 4 27 28 54 55 80 81 105 106 129 130 152 153 174 175 -234 235 339 -340 350 -351 -405 -406 0
a -1 2 3 4 -27 28 54 55 80 81 105 106 129 130 152 153 174 175 -234 235 339 -340 350 -351 -405 -406 0
a -1 2 3 4 -27 28 54 55 80 81 105 106 129 130 152 153 174 175 234 235 350 -351 -405 -406 0
a -1 2 3 4 -27 28 54 55 80 81 105 106 129 130 152 153 174 175 234 235 -350 -351 -405 -406 0
a -1 2 3 4 -27 28 54 55 80 81 105 106 129 130 152 153 174 175 234 235 -350 351 -405 -406 0
a -1 2 3 4 -27 28 54 55 80 81 105 106 129 130 152 153 174 175 -234 235 339 340 350 -351 -405 -406 0
a -1 2 3 4 -27 28 54 55 80 81 105 106 129 130 152 153 174 175 -234 235 339 -340 350 351 -405 -406 0
a -1 2 3 4 -27 -28 54 55 80 81 105 106 129 130 152 153 174 175 -234 235 339 -340 350 351 -405 -406 0
a -1 2 3 4 -27 -28 54 55 80 81 105 106 129 130 152 153 174 175 -234 235 339 -340 350 -351 -405 -406 0
a -1 2 3 4 -27 -28 54 55 80 81 105 106 129 130 152 153 174 175 234 235 350 -351 -405 -406 0
a -1 2 3 4 -27 -28 54 55 80 81 105 106 129 130 152 153 174 175 234 235 -350 -351 -405 -406 0
a -1 2 3 4 -27 -28 54 55 80 81 105 106 129 130 152 153 174 175 234 235 -350 351 -405 -406 0
a -1 2 3 4 -27 -28 54 55 80 81 105 106 129 130 152 153 174 175 -234 235 339 340 350 -351 -405 -406 0
a -1 2 3 4 27 -28 54 55 80 81 105 106 129 130 152 153 174 175 -234 235 339 340 350 -351 -405 -406 0
a -1 2 3 4 27 -28 54 55 80 81 105 106 129 130 152 153 174 175 -234 235 339 -340 350 -405 -406 0
a -1 2 3 4 27 28 -54 55 80 81 105 106 129 130 152 153 174 175 234 235 350 -351 -405 -406 0
a -1 2 3 4 27 28 -54 55 80 81 105 106 129 130 152 153 174 175 234 235 -350 -351 -405 -406 0
a -1 2 3 4 27 28 -54 55 80 81 105 106 129 130 152 153 174 175 234 235 -350 351 -405 -406 0
a -1 2 3 4 27 28 -54 55 80 81 105 106 129 130 152 153 174 175 -234 235 339 -340 350 -405 -406 0
a -1 2 3 4 27 28 -54 55 80 81 105 106 129 130 152 153 174 175 -234 235 339 340 350 -351 -405 -406 0
a -1 2 3 4 -27 28 -54 55 80 81 105 106 129 130 152 153 174 175 -234 235 339 350 -405 -406 0
a -1 2 3 4 -27 28 -54 55 80 81 105 106 129 130 152 153 174 175 234 235 339 350 -405 -406 0
a -1 2 3 4 -27 28 -54 55 80 81 105 106 129 130 152 153 174 175 234 235 -339 350 -405 -406 0
a -1 2 3 4 -27 28 -54 55 80 81 105 106 129 130 152 153 174 175 234 235 -339 -350 -405 -406 0
a -1 2 3 4 -27 28 -54 55 80 81 105 106 129 130 152 153 174 175 234 235 339 -350 -405 -406 0
a -1 2 3 4 -27 28 -54 -55 80 81 105 106 129 130 152 153 174 175 234 235 339 -350 -405 -406 0
a -1 2 3 4 -27 28 -54 -55 80 81 105 106 129 130 152 153 174 175 234 235 -339 -350 -405 -406 0
a -1 2 3 4 -27 28 -54 -55 80 81 105 106 129 130 152 153 174 175 234 235 -339 350 -405 -406 0
a -1 2 3 4 -27 28 -54 -55 80 81 105 106 129 130 152 153 174 175 234 235 339 350 -405 -406 0
a -1 2 3 4 -27 28 -54 -55 80 81 105 106 129 130 152 153 174 175 -234 235 339 350 -405 -406 0
a -1 2 3 4 5 27 28 -54 -55 80 81 105 106 129 130 152 153 174 175 -234 235 339 350 -405 -406 0
a -1 2 3 4 5 27 28 -54 -55 80 81 105 106 129 130 152 153 174 175 234 235 350 -351 -405 -406 0
a -1 2 3 4 5 27 28 -54 -55 80 81 105 106 129 130 152 153 174 175 234 235 -350 -405 -406 0
a -1 2 3 4 5 27 28 54 -55 80 81 105 106 129 130 152 153 174 175 234 235 -350 -405 -406 0
a -1 2 3 4 5 27 28 54 -55 80 81 105 106 129 130 152 153 174 175 234 235 350 -351 -405 -406 0
a -1 2 3 4 5 27 28 54 -55 80 81 105 106 129 130 152 153 174 175 -234 235 339 350 -405 -406 0
a -1 2 3 4 5 -27 28 54 -55 80 81 105 106 129 130 152 153 174 175 -234 235 339 350 -405 -406 0
a -1 2 3 4 5 -27 28 54 -55 80 81 105 106 129 130 152 153 174 175 234 235 350 -405 -406 0
a -1 2 3 4 5 -27 28 54 -55 80 81 105 106 129 130 152 153 174 175 234 235 -350 -405 -406 0
a -1 2 3 4 5 -27 28 54 -55 -80 81 105 106 129 130 152 153 174 175 234 235 -350 -405 -406 0
a -1 2 3 4 5 -27 28 54 -55 -80 81 105 106 129 130 152 153 174 175 234 235 350 -405 -406 0
a -1 2 3 4 5 -27 28 54 -55 -80 81 105 106 129 130 152 153 174 175 -234 235 339 350 -405 -406 0
a -1 2 3 4 5 27 28 54 -55 -80 81 105 106 129 130 152 153 174 175 -234 235 339 350 -405 -406 0
a -1 2 3 4 5 27 28 54 -55 -80 81 105 106 129 130 152 153 174 175 234 235 350 -405 -406 0
a -1 2 3 4 5 27 28 54 -55 -80 81 105 106 129 130 152 153 174 175 234 235 -350 -405 -406 0
a -1 2 3 4 5 6 27 28 -54 -55 -80 81 105 106 129 130 152 153 174 175 234 235 -405 -406 0
a -1 2 3 4 5 6 27 28 -54 -55 -80 81 105 106 129 130 152 153 174 175 -234 235 339 350 -405 -406 0
a -1 2 3 4 5 6 -27 28 -54 -55 -80 81 105 106 129 130 152 153 174 175 -234 235 339 350 -405 -406 0
a -1 2 3 4 5 6 -27 28 -54 -55 -80 81 105 106 129 130 152 153 174 175 234 235 -405 -406 0
a -1 2 3 4 5 6 -27 28 -54 55 -80 81 105 106 129 130 152 153 174 175 234 235 -405 -406 0
a -1 2 3 4 5 6 -27 28 -54 55 -80 81 105 106 129 130 152 153 174 175 -234 235 339 350 -405 -406 0
a -1 2 3 4 5 6 27 28 -54 55 -80 81 105 106 129 130 152 153 174 175 -234 235 339 350 -405 -406 0
a -1 2 3 4 5 6 27 28 -54 55 -80 81 105 106 129 130 152 153 174 175 234 235 -405 -406 0
a -1 2 3 4 5 6 27 28 54 55 -80 81 105 106 129 130 152 153 174 175 234 235 -405 -406 0
a -1 2 3 4 5 6 27 28 54 55 -80 81 105 106 129 130 152 153 174 175 -234 235 339 350 -405 -406 0
a -1 2 3 4 5 6 -27 28 54 55 -80 81 105 106 129 130 152 153 174 175 -234 235 339 350 -405 -406 0
a -1 2 3 4 5 6 -27 28 54 55 -80 81 105 106 129 130 152 153 174 175 234 235 -405 -406 0
a -1 2 3 4 5 6 -27 28 54 55 -80 -81 105 106 129 130 152 153 174 175 234 235 -405 -406 0
a -1 2 3 4 5 6 -27 28 54 55 -80 -81 105 106 129 130 152 153 174 175 -234 235 339 350 -405 -406 0
a -1 2 3 4 5 6 7 27 28 54 55 -80 -81 105 106 129 130 152 153 174 175 235 -405 -406 0
a -1 2 3 4 5 6 7 27 28 -54 55 -80 -81 105 106 129 130 152 153 174 175 235 -405 -406 0
a -1 2 3 4 5 6 7 -27 28 -54 55 -80 -81 105 106 129 130 152 153 174 175 235 -405 -406 0
a -1 2 3 4 5 6 7 -27 28 -54 -55 -80 -81 105 106 129 130 152 153 174 175 235 -405 -406 0
a -1 2 3 4 5 6 7 27 28 -54 -55 -80 -81 105 106 129 130 152 153 174 175 235 -405 -406 0
a -1 2 3 4 5 6 7 27 28 54 -55 -80 -81 105 106 129 130 152 153 174 175 235 -405 -406 0
a -1 2 3 4 5 6 7 -27 28 54 -55 -80 -81 105 106 129 130 152 153 174 175 235 -405 -406 0
a -1 2 3 4 5 6 7 -27 28 54 -55 80 -81 105 106 129 130 152 153 174 175 235 -405 -406 0
a -1 2 3 4 5 6 7 27 28 54 -55 80 -81 105 106 129 130 152 153 174 175 235 -405 -406 0
a -1 2 3 4 5 6 7 27 28 -54 -55 80 -81 105 106 129 130 152 153 174 175 235 -405 -406 0
a -1 2 3 4 5 6 7 -27 28 -54 -55 80 -81 105 106 129 130 152 153 174 175 235 -405 -406 0
a -1 2 3 4 5 6 7 -27 28 -54 55 80 -81 105 106 129 130 152 153 174 175 235 -405 -406 0
a -1 2 3 4 5 6 7 27 28 -54 55 80 -81 105 106 129 130 152 153 174 175 235 -405 -406 0
a -1 2 3 4 5 6 7 27 28 54 55 80 -81 105 106 129 130 152 153 174 175 235 -405 -406 0
a -1 2 3 4 5 6 7 -27 28 54 55 80 -81 105 106 129 130 152 153 174 175 235 -405 -406 0
a -1 2 3 4 5 6 7 8 28 54 55 80 -81 -105 106 129 130 152 153 174 175 235 -405 -406 0
a -1 2 3 4 5 6 7 8 28 -54 55 80 -81 -105 106 129 130 152 153 174 175 235 -405 -406 0
a -1 2 3 4 5 6 7 8 28 -54 -55 80 -81 -105 106 129 130 152 153 174 175 235 -405 -406 0
a -1 2 3 4 5 6 7 8 28 54 -55 80 -81 -105 106 129 130 152 153 174 175 235 -405 -406 0
a -1 2 3 4 5 6 7 8 28 54 -55 -80 -81 -105 106 129 130 152 153 174 175 235 -405 -406 0
a -1 2 3 4 5 6 7 8 28 -54 -55 -80 -81 -105 106 129 130 152 153 174 175 235 -405 -406 0
a -1 2 3 4 5 6 7 8 28 -54 55 -80 -81 -105 106 129 130 152 153 174 175 235 -405 -406 0
a -1 2 3 4 5 6 7 8 28 54 55 -80 -81 -105 106 129 130 152 153 174 175 235 -405 -406 0
a -1 2 3 4 5 6 7 8 28 54 55 -80 81 -105 106 129 130 152 153 174 175 235 -405 -406 0
a -1 2 3 4 5 6 7 8 28 -54 55 -80 81 -105 106 129 130 152 153 174 175 235 -405 -406 0
a -1 2 3 4 5 6 7 8 28 -54 -55 -80 81 -105 106 129 130 152 153 174 175 235 -405 -406 0
a -1 2 3 4 5 6 7 8 28 54 -55 -80 81 -105 106 129 130 152 153 174 175 235 -405 -406 0
a -1 2 3 4 5 6 7 8 28 54 -55 80 81 -105 106 129 130 152 153 174 175 235 -405 -406 0
a -1 2 3 4 5 6 7 8 28 -54 -55 80 81 -105 106 129 130 152 153 174 175 235 -405 -406 0
a -1 2 3 4 5 6 7 8 28 -54 55 80 81 -105 106 129 130 152 153 174 175 235 -405 -406 0
a -1 2 3 4 5 6 7 8 28 54 55 80 81 -105 106 129 130 152 153 174 175 235 -405 -406 0
a -1 2 3 4 5 6 7 8 9 28 55 80 81 -105 -106 129 130 152 153 174 175 235 -405 -406 0
a -1 2 3 4 5 6 7 8 9 28 -55 80 81 -105 -106 129 130 152 153 174 175 235 -405 -406 0
a -1 2 3 4 5 6 7 8 9 28 -55 -80 81 -105 -106 129 130 152 153 174 175 235 -405 -406 0
a -1 2 3 4 5 6 7 8 9 28 55 -80 81 -105 -106 129 130 152 153 174 175 235 -405 -406 0
a -1 2 3 4 5 6 7 8 9 28 55 -80 -81 -105 -106 129 130 152 153 174 175 235 -405 -406 0
a -1 2 3 4 5 6 7 8 9 28 -55 -80 -81 -105 -106 129 130 152 153 174 175 235 -405 -406 0
a -1 2 3 4 5 6 7 8 9 28 -55 80 -81 -105 -106 129 130 152 153 174 175 235 -405 -406 0
a -1 2 3 4 5 6 7 8 9 28 55 80 -81 -105 -106 129 130 152 153 174 175 235 -405 -406 0
a -1 2 3 4 5 6 7 8 9 28 55 80 -81 105 -106 129 130 152 153 174 175 235 -405 -406 0
a -1 2 3 4 5 6 7 8 9 28 -55 80 -81 105 -106 129 130 152 153 174 175 235 -405 -406 0
a -1 2 3 4 5 6 7 8 9 28 -55 -80 -81 105 -106 129 130 152 153 174 175 235 -405 -406 0
a -1 2 3 4 5 6 7 8 9 28 55 -80 -81 105 -106 129 130 152 153 174 175 235 -405 -406 0
a -1 2 3 4 5 6 7 8 9 28 55 -80 81 105 -106 129 130 152 153 174 175 235 -405 -406 0
a -1 2 3 4 5 6 7 8 9 28 -55 -80 81 105 -106 129 130 152 153 174 175 235 -405 -406 0
a -1 2 3 4 5 6 7 8 9 28 -55 80 81 105 -106 129 130 152 153 174 175 235 -405 -406 0
a -1 2 3 4 5 6 7 8 9 10 28 55 80 81 105 -106 129 130 152 153 174 175 235 -405 -406 0
a -1 2 3 4 5 6 7 8 9 10 28 80 81 105 -106 -129 130 152 153 174 175 235 -405 -406 0
a -1 2 3 4 5 6 7 8 9 10 28 -80 81 105 -106 -129 130 152 153 174 175 235 -405 -406 0
a -1 2 3 4 5 6 7 8 9 10 28 -80 -81 105 -106 -129 130 152 153 174 175 235 -405 -406 0
a -1 2 3 4 5 6 7 8 9 10 28 80 -81 105 -106 -129 130 152 153 174 175 235 -405 -406 0
a -1 2 3 4 5 6 7 8 9 10 28 80 -81 -105 -106 -129 130 152 153 174 175 235 -405 -406 0
a -1 2 3 4 5 6 7 8 9 10 28 -80 -81 -105 -106 -129 130 152 153 174 175 235 -405 -406 0
a -1 2 3 4 5 6 7 8 9 10 28 -80 81 -105 -106 -129 130 152 153 174 175 235 -405 -406 0
a -1 2 3 4 5 6 7 8 9 10 28 80 81 -105 -106 -129 130 152 153 174 175 235 -405 -406 0
a -1 2 3 4 5 6 7 8 9 10 28 81 -105 106 -129 130 152 153 174 175 -196 -216 235 252 -253 -405 -406 0
a -1 2 3 4 5 6 7 8 9 10 28 -81 -105 106 -129 130 152 153 174 175 235 252 -253 -405 -406 0
a -1 2 3 4 5 6 7 8 9 10 28 -81 -105 106 -129 130 152 153 174 175 -196 -216 235 253 -405 -406 0
a -1 2 3 4 5 6 7 8 9 10 28 -81 105 106 -129 130 152 153 174 175 -196 -216 235 253 -405 -406 0
a -1 2 3 4 5 6 7 8 9 10 28 -81 105 106 -129 130 152 153 174 175 235 252 -253 -405 -406 0
a -1 2 3 4 5 6 7 8 9 10 28 81 105 106 -129 130 152 153 174 175 -196 -216 235 252 -253 -405 -406 0
a -1 2 3 4 5 6 7 8 9 10 11 28 81 105 106 -129 -130 152 153 174 175 235 -405 -406 0
a -1 2 3 4 5 6 7 8 9 10 11 28 -81 105 106 -129 -130 152 153 174 175 235 -405 -406 0
a -1 2 3 4 5 6 7 8 9 10 11 28 -81 -105 106 -129 -130 152 153 174 175 235 -405 -406 0
a -1 2 3 4 5 6 7 8 9 10 11 28 81 -105 106 -129 -130 152 153 174 175 235 -405 -406 0
a -1 2 3 4 5 6 7 8 9 10 11 28 81 -105 -106 -129 -130 152 153 174 175 235 -405 -406 0
a -1 2 3 4 5 6 7 8 9 10 11 28 -81 -105 -106 -129 -130 152 153 174 175 235 -405 -406 0
a -1 2 3 4 5 6 7 8 9 10 11 28 -81 105 -106 -129 -130 152 153 174 175 235 -405 -406 0
a -1 2 3 4 5 6 7 8 9 10 11 28 81 105 -106 -129 -130 152 153 174 175 235 -405 -406 0
a -1 2 3 4 5 6 7 8 9 10 11 28 81 105 -106 129 -130 152 153 174 175 235 -405 -406 0
a -1 2 3 4 5 6 7 8 9 10 11 28 -81 105 -106 129 -130 152 153 174 175 235 -405 -406 0
a -1 2 3 4 5 6 7 8 9 10 11 28 -81 -105 -106 129 -130 152 153 174 175 235 -405 -406 0
a -1 2 3 4 5 6 7 8 9 10 11 28 81 -105 -106 129 -130 152 153 174 175 235 -405 -406 0
a -1 2 3 4 5 6 7 8 9 10 11 28 81 -105 106 129 -130 152 153 174 175 235 -405 -406 0
a -1 2 3 4 5 6 7 8 9 10 11 28 -81 -105 106 129 -130 152 153 174 175 235 -405 -406 0
a -1 2 3 4 5 6 7 8 9 10 11 28 -81 105 106 129 -130 152 153 174 175 235 -405 -406 0
a -1 2 3 4 5 6 7 8 9 10 11 12 28 81 105 106 129 -130 152 153 174 175 235 -405 -406 0
a -1 2 3 4 5 6 7 8 9 10 11 12 28 105 106 129 -130 -152 153 174 175 235 -405 -406 0
a -1 2 3 4 5 6 7 8 9 10 11 12 28 -105 106 129 -130 -152 153 174 175 235 -405 -406 0
a -1 2 3 4 5 6 7 8 9 10 11 12 28 -105 -106 129 -130 -152 153 174 175 235 -405 -406 0
a -1 2 3 4 5 6 7 8 9 10 11 12 28 105 -106 129 -130 -152 153 174 175 235 -405 -406 0
a -1 2 3 4 5 6 7 8 9 10 11 12 28 105 -106 -129 -130 -152 153 174 175 235 -405 -406 0
a -1 2 3 4 5 6 7 8 9 10 11 12 28 -105 -106 -129 -130 -152 153 174 175 235 -405 -406 0
a -1 2 3 4 5 6 7 8 9 10 11 12 28 -105 106 -129 -130 -152 153 174 175 235 -405 -406 0
a -1 2 3 4 5 6 7 8 9 10 11 12 28 105 106 -129 -130 -152 153 174 175 235 -405 -406 0
a -1 2 3 4 5 6 7 8 9 10 11 12 28 105 106 -129 130 -152 153 174 175 235 -405 -406 0
a -1 2 3 4 5 6 7 8 9 10 11 12 28 -105 106 -129 130 -152 153 174 175 235 -405 -406 0
a -1 2 3 4 5 6 7 8 9 10 11 12 28 -105 -106 -129 130 -152 153 174 175 235 -405 -406 0
a -1 2 3 4 5 6 7 8 9 10 11 12 28 105 -106 -129 130 -152 153 174 175 235 -405 -406 0
a -1 2 3 4 5 6 7 8 9 10 11 12 28 105 -106 129 130 -152 153 174 175 235 -405 -406 0
a -1 2 3 4 5 6 7 8 9 10 11 12 28 -105 -106 129 130 -152 153 174 175 235 -405 -406 0
a -1 2 3 4 5 6 7 8 9 10 11 12 13 28 106 129 130 -152 153 174 175 235 -405 -406 0
a -1 2 3 4 5 6 7 8 9 10 11 12 13 28 106 129 130 -152 -153 174 175 235 -405 -406 0
a -1 2 3 4 5 6 7 8 9 10 11 12 13 28 -106 129 130 -152 -153 174 175 235 -405 -406 0
a -1 2 3 4 5 6 7 8 9 10 11 12 13 28 -106 -129 130 -152 -153 174 175 235 -405 -406 0
a -1 2 3 4 5 6 7 8 9 10 11 12 13 28 106 -129 130 -152 -153 174 175 235 -405 -406 0
a -1 2 3 4 5 6 7 8 9 10 11 12 13 28 106 -129 -130 -152 -153 174 175 235 -405 -406 0
a -1 2 3 4 5 6 7 8 9 10 11 12 13 28 -106 -129 -130 -152 -153 174 175 235 -405 -406 0
a -1 2 3 4 5 6 7 8 9 10 11 12 13 28 -106 129 -130 -152 -153 174 175 235 -405 -406 0
a -1 2 3 4 5 6 7 8 9 10 11 12 13 28 106 129 -130 -152 -153 174 175 235 -405 -406 0
a -1 2 3 4 5 6 7 8 9 10 11 12 13 28 106 129 -130 152 -153 174 175 235 -405 -406 0
a -1 2 3 4 5 6 7 8 9 10 11 12 13 28 -106 129 -130 152 -153 174 175 235 -405 -406 0
a -1 2 3 4 5 6 7 8 9 10 11 12 13 28 -106 -129 -130 152 -153 174 175 235 -405 -406 0
a -1 2 3 4 5 6 7 8 9 10 11 12 13 28 106 -129 -130 152 -153 174 175 235 -405 -406 0
a -1 2 3 4 5 6 7 8 9 10 11 12 13 28 106 -129 130 152 -153 174 175 235 -405 -406 0
a -1 2 3 4 5 6 7 8 9 10 11 12 13 28 -106 -129 130 152 -153 174 175 235 -405 -406 0
a -1 2 3 4 5 6 7 8 9 10 11 12 13 14 -15 -16 -17 -18 -19 -20 -21 -22 -23 -24 -25 -26 -27 28 129 130 152 -153 174 175 235 -405 -406 0
a -1 2 3 4 5 6 7 8 9 10 11 12 13 14 -15 -16 -17 -18 -19 -20 -21 -22 -23 -24 -25 -26 -27 28 -174 175 235 -405 -406 0
a -1 2 3 4 5 6 7 8 9 10 11 12 13 14 -15 -16 -17 -18 -19 -20 -21 -22 -23 -24 -25 -26 -27 28 -175 235 -405 -406 0
a -1 -2 3 4 5 6 7 8 9 10 11 12 13 -22 -23 -24 -25 -26 -27 28 -175 235 -405 -406 0
a -1 -2 3 4 5 6 7 8 9 10 11 12 13 22 -23 -24 -25 -26 -27 28 -175 235 -405 -406 0
a -1 -2 3 4 5 6 7 8 9 10 11 12 13 -14 -15 -16 -17 -18 -19 -20 -21 22 23 -24 -25 -26 -27 28 -175 235 -405 -406 0
a -1 -2 3 4 5 6 7 8 9 10 11 12 13 -22 23 -24 -25 -26 -27 28 -175 235 -405 -406 0
a -1 -2 3 4 5 6 7 8 9 10 11 12 13 -14 -15 -16 -17 -18 -19 -20 -21 -22 23 24 -25 -26 -27 28 -175 235 -405 -406 0
a -1 -2 3 4 5 6 7 8 9 10 11 12 13 -14 -15 -16 -17 -18 -19 -20 -21 -22 23 -24 25 -26 -27 28 -175 235 -405 -406 0
a -1 -2 3 4 5 6 7 8 9 10 11 12 13 -14 -15 -16 -17 -18 -19 -20 -21 -22 23 -24 -25 26 -27 28 -175 235 -405 -406 0
a -1 -2 3 4 5 6 7 8 9 10 11 12 13 -14 -15 -16 -17 -18 -19 -20 -21 -22 23 -24 -25 -26 27 28 -175 235 -405 -406 0
a -1 -2 3 4 5 6 7 8 9 10 11 12 -13 -22 23 -24 -25 -26 27 28 -175 235 -405 -406 0
a -1 -2 3 4 5 6 7 8 9 10 11 12 -13 -14 -15 -16 -17 -18 -19 -20 -21 22 23 -24 -25 -26 27 28 -175 235 -405 -406 0
a -1 -2 3 4 5 6 7 8 9 10 11 12 -13 -14 -15 -16 -17 -18 -19 -20 -21 -22 23 24 -25 -26 27 28 -175 235 -405 -406 0
a -1 -2 3 4 5 6 7 8 9 10 11 12 -13 -14 -15 -16 -17 -18 -19 -20 -21 -22 23 -24 25 -26 27 28 -175 235 -405 -406 0
a -1 -2 3 4 5 6 7 8 9 10 11 12 -13 -14 -15 -16 -17 -18 -19 -20 -21 -22 23 -24 -25 26 27 28 -175 235 -405 -406 0
a -1 -2 3 4 5 6 7 8 9 10 11 12 -13 -22 23 -24 -25 26 -27 28 -175 235 -405 -406 0
a -1 -2 3 4 5 6 7 8 9 10 11 12 -13 -14 -15 -16 -17 -18 -19 -20 -21 22 23 -24 -25 26 -27 28 -175 235 -405 -406 0
a -1 -2 3 4 5 6 7 8 9 10 11 12 -13 -14 -15 -16 -17 -18 -19 -20 -21 -22 23 24 -25 26 -27 28 -175 235 -405 -406 0
a -1 -2 3 4 5 6 7 8 9 10 11 12 -13 -14 -15 -16 -17 -18 -19 -20 -21 -22 23 -24 25 26 -27 28 -175 235 -405 -406 0
a -1 -2 3 4 5 6 7 8 9 10 11 12 -13 -22 23 -24 25 -26 -27 28 -175 235 -405 -406 0
a -1 -2 3 4 5 6 7 8 9 10 11 12 -13 -14 -15 -16 -17 -18 -19 -20 -21 22 23 -24 25 -26 -27 28 -175 235 -405 -406 0
a -1 -2 3 4 5 6 7 8 9 10 11 12 -13 -14 -15 -16 -17 -18 -19 -20 -21 -22 23 24 25 -26 -27 28 -175 235 -405 -406 0
a -1 -2 3 4 5 6 7 8 9 10 11 -12 13 -22 23 24 -25 -26 -27 28 -175 235 -405 -406 0
a -1 -2 3 4 5 6 7 8 9 10 11 -12 13 -14 -15 -16 -17 -18 -19 -20 -21 22 23 24 -25 -26 -27 28 -175 235 -405 -406 0
a -1 -2 3 4 5 6 7 8 9 10 11 -12 13 22 23 -24 -25 -26 -27 28 -175 235 -405 -406 0
a -1 -2 3 4 5 6 7 8 9 10 11 -12 13 -22 23 -24 -25 -26 -27 28 -175 235 -405 -406 0
a -1 -2 3 4 5 6 7 8 9 10 11 -12 13 -22 23 -24 25 -26 -27 28 -175 235 -405 -406 0
a -1 -2 3 4 5 6 7 8 9 10 11 -12 13 -14 -15 -16 -17 -18 -19 -20 -21 22 23 -24 25 -26 -27 28 -175 235 -405 -406 0
a -1 -2 3 4 5 6 7 8 9 10 11 -12 13 -14 -15 -16 -17 -18 -19 -20 -21 -22 23 24 25 -26 -27 28 -175 235 -405 -406 0
a -1 -2 3 4 5 6 7 8 9 10 11 -12 13 -14 -15 -16 -17 -18 -19 -20 -21 -22 23 -24 25 26 -27 28 -175 235 -405 -406 0
a -1 -2 3 4 5 6 7 8 9 10 11 -12 13 -22 23 -24 -25 26 -27 28 -175 235 -405 -406 0
a -1 -2 3 4 5 6 7 8 9 10 11 -12 13 -14 -15 -16 -17 -18 -19 -20 -21 22 23 -24 -25 26 -27 28 -175 235 -405 -406 0
a -1 -2 3 4 5 6 7 8 9 10 11 -12 13 -14 -15 -16 -17 -18 -19 -20 -21 -22 23 24 -25 26 -27 28 -175 235 -405 -406 0
a -1 -2 3 4 5 6 7 8 9 10 11 -12 13 -14 -15 -16 -17 -18 -19 -20 -21 -22 23 -24 -25 26 27 28 -175 235 -405 -406 0
a -1 -2 3 4 5 6 7 8 9 10 11 -12 13 -22 23 -24 -25 -26 27 28 -175 235 -405 -406 0
a -1 -2 3 4 5 6 7 8 9 10 11 -12 13 -14 -15 -16 -17 -18 -19 -20 -21 22 23 -24 -25 -26 27 28 -175 235 -405 -406 0
a -1 -2 3 4 5 6 7 8 9 10 -11 12 13 -14 -15 -16 -17 -18 -19 -20 -21 -22 23 24 -25 -26 27 28 -175 235 -405 -406 0
a -1 -2 3 4 5 6 7 8 9 10 -11 12 13 -22 23 -24 -25 -26 27 28 -175 235 -405 -406 0
a -1 -2 3 4 5 6 7 8 9 10 -11 12 13 -14 -15 -16 -17 -18 -19 -20 -21 22 23 -24 -25 -26 27 28 -175 235 -405 -406 0
a -1 -2 3 4 5 6 7 8 9 10 -11 12 13 -14 -15 -16 -17 -18 -19 -20 -21 -22 23 -24 25 -26 27 28 -175 235 -405 -406 0
a -1 -2 3 4 5 6 7 8 9 10 -11 12 13 -14 -15 -16 -17 -18 -19 -20 -21 -22 23 -24 -25 26 27 28 -175 235 -405 -406 0
a -1 -2 3 4 5 6 7 8 9 10 -11 12 13 -22 23 -24 -25 26 -27 28 -175 235 -405 -406 0
a -1 -2 3 4 5 6 7 8 9 10 -11 12 13 -14 -15 -16 -17 -18 -19 -20 -21 22 23 -24 -25 26 -27 28 -175 235 -405 -406 0
a -1 -2 3 4 5 6 7 8 9 10 -11 12 13 -14 -15 -16 -17 -18 -19 -20 -21 -22 23 24 -25 26 -27 28 -175 235 -405 -406 0
a -1 -2 3 4 5 6 7 8 9 10 -11 12 13 -14 -15 -16 -17 -18 -19 -20 -21 -22 23 -24 25 26 -27 28 -175 235 -405 -406 0
a -1 -2 3 4 5 6 7 8 9 10 -11 12 13 -22 23 -24 25 -26 -27 28 -175 235 -405 -406 0
a -1 -2 3 4 5 6 7 8 9 10 -11 12 13 -14 -15 -16 -17 -18 -19 -20 -21 22 23 -24 25 -26 -27 28 -175 235 -405 -406 0
a -1 -2 3 4 5 6 7 8 9 10 -11 12 13 -14 -15 -16 -17 -18 -19 -20 -21 -22 23 24 25 -26 -27 28 -175 235 -405 -406 0
a -1 -2 3 4 5 6 7 8 9 10 -11 12 13 -22 23 24 -25 -26 -27 28 -175 235 -405 -406 0
a -1 -2 3 4 5 6 7 8 9 10 -11 12 13 -14 -15 -16 -17 -18 -19 -20 -21 22 23 24 -25 -26 -27 28 -175 235 -405 -406 0
a -1 -2 3 4 5 6 7 8 9 -10 11 12 13 22 23 -24 -25 -26 -27 28 -175 235 -405 -406 0
a -1 -2 3 4 5 6 7 8 9 -10 11 12 13 -22 23 -24 -25 -26 -27 28 -175 235 -405 -406 0
a -1 -2 3 4 5 6 7 8 9 -10 11 12 13 -22 23 24 -25 -26 -27 28 -175 235 -405 -406 0
a -1 -2 3 4 5 6 7 8 9 -10 11 12 13 -14 -15 -16 -17 -18 -19 -20 -21 22 23 24 -25 -26 -27 28 -175 235 -405 -406 0
a -1 -2 3 4 5 6 7 8 9 -10 11 12 13 -14 -15 -16 -17 -18 -19 -20 -21 -22 23 24 25 -26 -27 28 -175 235 -405 -406 0
a -1 -2 3 4 5 6 7 8 9 -10 11 12 13 -22 23 -24 25 -26 -27 28 -175 235 -405 -406 0
a -1 -2 3 4 5 6 7 8 9 -10 11 12 13 -14 -15 -16 -17 -18 -19 -20 -21 22 23 -24 25 -26 -27 28 -175 235 -405 -406 0
a -1 -2 3 4 5 6 7 8 9 -10 11 12 13 -14 -15 -16 -17 -18 -19 -20 -21 -22 23 -24 25 26 -27 28 -175 235 -405 -406 0
a -1 -2 3 4 5 6 7 8 9 -10 11 12 13 -22 23 -24 -25 26 -27 28 -175 235 -405 -406 0
a -1 -2 3 4 5 6 7 8 9 -10 11 12 13 -14 -15 -16 -17 -18 -19 -20 -21 22 23 -24 -25 26 -27 28 -175 235 -405 -406 0
a -1 -2 3 4 5 6 7 8 9 -10 11 12 13 -14 -15 -16 -17 -18 -19 -20 -21 -22 23 24 -25 26 -27 28 -175 235 -405 -406 0
a -1 -2 3 4 5 6 7 8 9 -10 11 12 13 -14 -15 -16 -17 -18 -19 -20 -21 -22 23 -24 -25 26 27 28 -175 235 -405 -406 0
a -1 -2 3 4 5 6 7 8 9 -10 11 12 13 -22 23 -24 -25 -26 27 28 -175 235 -405 -406 0
a -1 -2 3 4 5 6 7 8 9 -10 11 12 13 -14 -15 -16 -17 -18 -19 -20 -21 22 23 -24 -25 -26 27 28 -175 235 -405 -406 0
a -1 -2 3 4 5 6 7 8 -9 10 11 12 13 -14 -15 -16 -17 -18 -19 -20 -21 -22 23 24 -25 -26 27 28 -175 235 -405 -406 0
a -1 -2 3 4 5 6 7 8 -9 10 11 12 13 -22 23 -24 -25 -26 27 28 -175 235 -405 -406 0
a -1 -2 3 4 5 6 7 8 -9 10 11 12 13 -14 -15 -16 -17 -18 -19 -20 -21 22 23 -24 -25 -26 27 28 -175 235 -405 -406 0
a -1 -2 3 4 5 6 7 8 -9 10 11 12 13 -14 -15 -16 -17 -18 -19 -20 -21 -22 23 -24 25 -26 27 28 -175 235 -405 -406 0
a -1 -2 3 4 5 6 7 8 -9 10 11 12 13 -14 -15 -16 -17 -18 -19 -20 -21 -22 23 -24 -25 26 27 28 -175 235 -405 -406 0
a -1 -2 3 4 5 6 7 8 -9 10 11 12 13 -22 23 -24 -25 26 -27 28 -175 235 -405 -406 0
a -1 -2 3 4 5 6 7 8 -9 10 11 12 13 -14 -15 -16 -17 -18 -19 -20 -21 22 23 -24 -25 26 -27 28 -175 235 -405 -406 0
a -1 -2 3 4 5 6 7 8 -9 10 11 12 13 -14 -15 -16 -17 -18 -19 -20 -21 -22 23 24 -25 26 -27 28 -175 235 -405 -406 0
a -1 -2 3 4 5 6 7 8 -9 10 11 12 13 -14 -15 -16 -17 -18 -19 -20 -21 -22 23 -24 25 26 -27 28 -175 235 -405 -406 0
a -1 -2 3 4 5 6 7 8 -9 10 11 12 13 -22 23 -24 25 -26 -27 28 -175 235 -405 -406 0
a -1 -2 3 4 5 6 7 8 -9 10 11 12 13 -14 -15 -16 -17 -18 -19 -20 -21 22 23 -24 25 -26 -27 28 -175 235 -405 -406 0
a -1 -2 3 4 5 6 7 8 -9 10 11 12 13 -14 -15 -16 -17 -18 -19 -20 -21 -22 23 24 25 -26 -27 28 -175 235 -405 -406 0
a -1 -2 3 4 5 6 7 8 -9 10 11 12 13 -22 23 24 -25 -26 -27 28 -175 235 -405 -406 0
a -1 -2 3 4 5 6 7 8 -9 10 11 12 13 -14 -15 -16 -17 -18 -19 -20 -21 22 23 24 -25 -26 -27 28 -175 235 -405 -406 0
a -1 -2 3 4 5 6 7 -8 9 10 11 12 13 22 23 -24 -25 -26 -27 28 -175 235 -405 -406 0
a -1 -2 3 4 5 6 7 -8 9 10 11 12 13 -22 23 -24 -25 -26 -27 28 -175 235 -405 -406 0
a -1 -2 3 4 5 6 7 -8 9 10 11 12 13 -22 23 24 -25 -26 -27 28 -175 235 -405 -406 0
a -1 -2 3 4 5 6 7 -8 9 10 11 12 13 -14 -15 -16 -17 -18 -19 -20 -21 22 23 24 -25 -26 -27 28 -175 235 -405 -406 0
a -1 -2 3 4 5 6 7 -8 9 10 11 12 13 -14 -15 -16 -17 -18 -19 -20 -21 -22 23 24 25 -26 -27 28 -175 235 -405 -406 0
a -1 -2 3 4 5 6 7 -8 9 10 11 12 13 -22 23 -24 25 -26 -27 28 -175 235 -405 -406 0
a -1 -2 3 4 5 6 7 -8 9 10 11 12 13 -14 -15 -16 -17 -18 -19 -20 -21 22 23 -24 25 -26 -27 28 -175 235 -405 -406 0
a -1 -2 3 4 5 6 7 -8 9 10 11 12 13 -14 -15 -16 -17 -18 -19 -20 -21 -22 23 -24 25 26 -27 28 -175 235 -405 -406 0
a -1 -2 3 4 5 6 7 -8 9 10 11 12 13 -22 23 -24 -25 26 -27 28 -175 235 -405 -406 0
a -1 -2 3 4 5 6 7 -8 9 10 11 12 13 -14 -15 -16 -17 -18 -19 -20 -21 22 23 -24 -25 26 -27 28 -175 235 -405 -406 0
a -1 -2 3 4 5 6 7 -8 9 10 11 12 13 -14 -15 -16 -17 -18 -19 -20 -21 -22 23 24 -25 26 -27 28 -175 235 -405 -406 0
a -1 -2 3 4 5 6 7 -8 9 10 11 12 13 -14 -15 -16 -17 -18 -19 -20 -21 -22 23 -24 -25 26 27 28 -175 235 -405 -406 0
a -1 -2 3 4 5 6 7 -8 9 10 11 12 13 -22 23 -24 -25 -26 27 28 -175 235 -405 -406 0
a -1 -2 3 4 5 6 7 -8 9 10 11 12 13 -14 -15 -16 -17 -18 -19 -20 -21 22 23 -24 -25 -26 27 28 -175 235 -405 -406 0
a -1 -2 3 4 5 6 -7 8 9 10 11 12 13 -14 -15 -16 -17 -18 -19 -20 -21 -22 23 24 -25 -26 27 28 -175 235 -405 -406 0
a -1 -2 3 4 5 6 -7 8 9 10 11 12 13 -22 23 -24 -25 -26 27 28 -175 235 -405 -406 0
a -1 -2 3 4 5 6 -7 8 9 10 11 12 13 -14 -15 -16 -17 -18 -19 -20 -21 22 23 -24 -25 -26 27 28 -175 235 -405 -406 0
a -1 -2 3 4 5 6 -7 8 9 10 11 12 13 -14 -15 -16 -17 -18 -19 -20 -21 -22 23 -24 25 -26 27 28 -175 235 -405 -406 0
a -1 -2 3 4 5 6 -7 8 9 10 11 12 13 -14 -15 -16 -17 -18 -19 -20 -21 -22 23 -24 -25 26 27 28 -175 235 -405 -406 0
a -1 -2 3 4 5 6 -7 8 9 10 11 12 13 -22 23 -24 -25 26 -27 28 -175 235 -405 -406 0
a -1 -2 3 4 5 6 -7 8 9 10 11 12 13 -14 -15 -16 -17 -18 -19 -20 -21 22 23 -24 -25 26 -27 28 -175 235 -405 -406 0
a -1 -2 3 4 5 6 -7 8 9 10 11 12 13 -14 -15 -16 -17 -18 -19 -20 -21 -22 23 24 -25 26 -27 28 -175 235 -405 -406 0
a -1 -2 3 4 5 6 -7 8 9 10 11 12 13 -14 -15 -16 -17 -18 -19 -20 -21 -22 23 -24 25 26 -27 28 -175 235 -405 -406 0
a -1 -2 3 4 5 6 -7 8 9 10 11 12 13 -22 23 -24 25 -26 -27 28 -175 235 -405 -406 0
a -1 -2 3 4 5 6 -7 8 9 10 11 12 13 -14 -15 -16 -17 -18 -19 -20 -21 22 23 -24 25 -26 -27 28 -175 235 -405 -406 0
a -1 -2 3 4 5 6 -7 8 9 10 11 12 13 -14 -15 -16 -17 -18 -19 -20 -21 -22 23 24 25 -26 -27 28 -175 235 -405 -406 0
a -1 -2 3 4 5 6 -7 8 9 10 11 12 13 -22 23 24 -25 -26 -27 28 -175 235 -405 -406 0
a -1 -2 3 4 5 6 -7 8 9 10 11 12 13 -14 -15 -16 -17 -18 -19 -20 -21 22 23 24 -25 -26 -27 28 -175 235 -405 -406 0
a -1 -2 3 4 5 -6 7 8 9 10 11 12 13 22 23 -24 -25 -26 -27 28 -175 235 -405 -406 0
a -1 -2 3 4 5 -6 7 8 9 10 11 12 13 -22 23 -24 -25 -26 -27 28 -175 235 -405 -406 0
a -1 -2 3 4 5 -6 7 8 9 10 11 12 13 -22 23 24 -25 -26 -27 28 -175 235 -405 -406 0
a -1 -2 3 4 5 -6 7 8 9 10 11 12 13 -14 -15 -16 -17 -18 -19 -20 -21 22 23 24 -25 -26 -27 28 -175 235 -405 -406 0
a -1 -2 3 4 5 -6 7 8 9 10 11 12 13 -14 -15 -16 -17 -18 -19 -20 -21 -22 23 24 25 -26 -27 28 -175 235 -405 -406 0
a -1 -2 3 4 5 -6 7 8 9 10 11 12 13 -22 23 -24 25 -26 -27 28 -175 235 -405 -406 0
a -1 -2 3 4 5 -6 7 8 9 10 11 12 13 -14 -15 -16 -17 -18 -19 -20 -21 22 23 -24 25 -26 -27 28 -175 235 -405 -406 0
a -1 -2 3 4 5 -6 7 8 9 10 11 12 13 -14 -15 -16 -17 -18 -19 -20 -21 -22 23 -24 25 26 -27 28 -175 235 -405 -406 0
a -1 -2 3 4 5 -6 7 8 9 10 11 12 13 -22 23 -24 -25 26 -27 28 -175 235 -405 -406 0
a -1 -2 3 4 5 -6 7 8 9 10 11 12 13 -14 -15 -16 -17 -18 -19 -20 -21 22 23 -24 -25 26 -27 28 -175 235 -405 -406 0
a -1 -2 3 4 5 -6 7 8 9 10 11 12 13 -14 -15 -16 -17 -18 -19 -20 -21 -22 23 24 -25 26 -27 28 -175 235 -405 -406 0
a -1 -2 3 4 5 -6 7 8 9 10 11 12 13 -14 -15 -16 -17 -18 -19 -20 -21 -22 23 -24 -25 26 27 28 -175 235 -405 -406 0
a -1 -2 3 4 5 -6 7 8 9 10 11 12 13 -22 23 -24 -25 -26 27 28 -175 235 -405 -406 0
a -1 -2 3 4 5 -6 7 8 9 10 11 12 13 -14 -15 -16 -17 -18 -19 -20 -21 22 23 -24 -25 -26 27 28 -175 235 -405 -406 0
a -1 -2 3 4 -5 6 7 8 9 10 11 12 13 -14 -15 -16 -17 -18 -19 -20 -21 -22 23 24 -25 -26 27 28 -175 235 -405 -406 0
a -1 -2 3 4 -5 6 7 8 9 10 11 12 13 -22 23 -24 -25 -26 27 28 -175 235 -405 -406 0
a -1 -2 3 4 -5 6 7 8 9 10 11 12 13 -14 -15 -16 -17 -18 -19 -20 -21 22 23 -24 -25 -26 27 28 -175 235 -405 -406 0
a -1 -2 3 4 -5 6 7 8 9 10 11 12 13 -14 -15 -16 -17 -18 -19 -20 -21 -22 23 -24 25 -26 27 28 -175 235 -405 -406 0
a -1 -2 3 4 -5 6 7 8 9 10 11 12 13 -14 -15 -16 -17 -18 -19 -20 -21 -22 23 -24 -25 26 27 28 -175 235 -405 -406 0
a -1 -2 3 4 -5 6 7 8 9 10 11 12 13 -22 23 -24 -25 26 -27 28 -175 235 -405 -406 0
a -1 -2 3 4 -5 6 7 8 9 10 11 12 13 -14 -15 -16 -17 -18 -19 -20 -21 22 23 -24 -25 26 -27 28 -175 235 -405 -406 0
a -1 -2 3 4 -5 6 7 8 9 10 11 12 13 -14 -15 -16 -17 -18 -19 -20 -21 -22 23 24 -25 26 -27 28 -175 235 -405 -406 0
a -1 -2 3 4 -5 6 7 8 9 10 11 12 13 -14 -15 -16 -17 -18 -19 -20 -21 -22 23 -24 25 26 -27 28 -175 235 -405 -406 0
a -1 -2 3 4 -5 6 7 8 9 10 11 12 13 -22 23 -24 25 -26 -27 28 -175 235 -405 -406 0
a -1 -2 3 4 -5 6 7 8 9 10 11 12 13 -14 -15 -16 -17 -18 -19 -20 -21 22 23 -24 25 -26 -27 28 -175 235 -405 -406 0
a -1 -2 3 4 -5 6 7 8 9 10 11 12 13 -14 -15 -16 -17 -18 -19 -20 -21 -22 23 24 25 -26 -27 28 -175 235 -405 -406 0
a -1 -2 3 4 -5 6 7 8 9 10 11 12 13 -22 23 24 -25 -26 -27 28 -175 235 -405 -406 0
a -1 -2 3 4 -5 6 7 8 9 10 11 12 13 -14 -15 -16 -17 -18 -19 -20 -21 22 23 24 -25 -26 -27 28 -175 235 -405 -406 0
a -1 -2 3 -4 5 6 7 8 9 10 11 12 13 22 23 -24 -25 -26 -27 28 -175 235 -405 -406 0
a -1 -2 3 -4 5 6 7 8 9 10 11 12 13 -22 23 -24 -25 -26 -27 28 -175 235 -405 -406 0
a -1 -2 3 -4 5 6 7 8 9 10 11 12 13 -22 23 24 -25 -26 -27 28 -175 235 -405 -406 0
a -1 -2 3 -4 5 6 7 8 9 10 11 12 13 -14 -15 -16 -17 -18 -19 -20 -21 22 23 24 -25 -26 -27 28 -175 235 -405 -406 0
a -1 -2 3 -4 5 6 7 8 9 10 11 12 13 -14 -15 -16 -17 -18 -19 -20 -21 -22 23 24 25 -26 -27 28 -175 235 -405 -406 0
a -1 -2 3 -4 5 6 7 8 9 10 11 12 13 -22 23 -24 25 -26 -27 28 -175 235 -405 -406 0
a -1 -2 3 -4 5 6 7 8 9 10 11 12 13 -14 -15 -16 -17 -18 -19 -20 -21 22 23 -24 25 -26 -27 28 -175 235 -405 -406 0
a -1 -2 3 -4 5 6 7 8 9 10 11 12 13 -14 -15 -16 -17 -18 -19 -20 -21 -22 23 -24 25 26 -27 28 -175 235 -405 -406 0
a -1 -2 3 -4 5 6 7 8 9 10 11 12 13 -22 23 -24 -25 26 -27 28 -175 235 -405 -406 0
a -1 -2 3 -4 5 6 7 8 9 10 11 12 13 -14 -15 -16 -17 -18 -19 -20 -21 22 23 -24 -25 26 -27 28 -175 235 -405 -406 0
a -1 -2 3 -4 5 6 7 8 9 10 11 12 13 -14 -15 -16 -17 -18 -19 -20 -21 -22 23 24 -25 26 -27 28 -175 235 -405 -406 0
a -1 -2 3 -4 5 6 7 8 9 10 11 12 13 -14 -15 -16 -17 -18 -19 -20 -21 -22 23 -24 -25 26 27 28 -175 235 -405 -406 0
a -1 -2 3 -4 5 6 7 8 9 10 11 12 13 -22 23 -24 -25 -26 27 28 -175 235 -405 -406 0
a -1 -2 3 -4 5 6 7 8 9 10 11 12 13 -14 -15 -16 -17 -18 -19 -20 -21 22 23 -24 -25 -26 27 28 -175 235 -405 -406 0
a -1 -2 -3 -4 5 6 7 8 9 10 11 12 13 -22 23 24 -25 -26 27 28 -175 235 -405 -406 0
a -1 -2 -3 -4 5 6 7 8 9 10 11 12 13 -14 -15 -16 -17 -18 -19 -20 -21 22 23 24 -25 -26 27 28 -175 235 -405 -406 0
a -1 -2 -3 -4 5 6 7 8 9 10 11 12 13 22 -23 24 -25 -26 27 28 -175 235 -405 -406 0
a -1 -2 -3 -4 5 6 7 8 9 10 11 12 13 -22 -23 24 -25 -26 27 28 -175 235 -405 -406 0
a -1 -2 -3 -4 5 6 7 8 9 10 11 12 13 -22 -23 -24 -25 -26 27 28 -175 235 -405 -406 0
a -1 -2 -3 -4 5 6 7 8 9 10 11 12 13 22 -23 -24 -25 -26 27 28 -175 235 -405 -406 0
a -1 -2 -3 -4 5 6 7 8 9 10 11 12 13 22 23 -24 -25 -26 27 28 -175 235 -405 -406 0
a -1 -2 -3 -4 5 6 7 8 9 10 11 12 13 -22 23 -24 -25 -26 27 28 -175 235 -405 -406 0
a -1 -2 -3 -4 5 6 7 8 9 10 11 12 13 -14 -15 -16 -17 -18 -19 -20 -21 -22 23 24 25 -26 27 28 -175 235 -405 -406 0
a -1 -2 -3 -4 5 6 7 8 9 10 11 12 13 -22 -23 24 25 -26 27 28 -175 235 -405 -406 0
a -1 -2 -3 -4 5 6 7 8 9 10 11 12 13 -14 -15 -16 -17 -18 -19 -20 -21 22 -23 24 25 -26 27 28 -175 235 -405 -406 0
a -1 -2 -3 -4 5 6 7 8 9 10 11 12 13 -14 -15 -16 -17 -18 -19 -20 -21 -22 -23 24 25 26 27 28 -175 235 -405 -406 0
a -1 -2 -3 -4 5 6 7 8 9 10 11 12 13 -22 -23 24 -25 26 27 28 -175 235 -405 -406 0
a -1 -2 -3 -4 5 6 7 8 9 10 11 12 13 -14 -15 -16 -17 -18 -19 -20 -21 22 -23 24 -25 26 27 28 -175 235 -405 -406 0
a -1 -2 -3 -4 5 6 7 8 9 10 11 12 13 -14 -15 -16 -17 -18 -19 -20 -21 -22 23 24 -25 26 27 28 -175 235 -405 -406 0
a -1 -2 -3 -4 5 6 7 8 9 10 11 12 13 -22 23 24 -25 26 -27 28 -175 235 -405 -406 0
a -1 -2 -3 -4 5 6 7 8 9 10 11 12 13 -14 -15 -16 -17 -18 -19 -20 -21 22 23 24 -25 26 -27 28 -175 235 -405 -406 0
a -1 -2 -3 -4 5 6 7 8 9 10 11 12 13 22 -23 24 -25 26 -27 28 -175 235 -405 -406 0
a -1 -2 -3 -4 5 6 7 8 9 10 11 12 13 -22 -23 24 -25 26 -27 28 -175 235 -405 -406 0
a -1 -2 -3 -4 5 6 7 8 9 10 11 12 13 -22 -23 24 25 26 -27 28 -175 235 -405 -406 0
a -1 -2 -3 -4 5 6 7 8 9 10 11 12 13 -14 -15 -16 -17 -18 -19 -20 -21 22 -23 24 25 26 -27 28 -175 235 -405 -406 0
a -1 -2 -3 -4 5 6 7 8 9 10 11 12 13 -14 -15 -16 -17 -18 -19 -20 -21 -22 23 24 25 26 -27 28 -175 235 -405 -406 0
a -1 -2 -3 -4 5 6 7 8 9 10 11 12 13 -14 -15 -16 -17 -18 -19 -20 -21 22 23 24 25 -26 -27 28 -175 235 -405 -406 0
a -1 -2 -3 -4 5 6 7 8 9 10 11 12 13 22 -23 24 25 -26 -27 28 -175 235 -405 -406 0
a -1 -2 -3 -4 5 6 7 8 9 10 11 12 13 22 -23 24 -25 -26 -27 28 -175 235 -405 -406 0
a -1 -2 -3 -4 5 6 7 8 9 10 11 12 13 22 23 24 -25 -26 -27 28 -175 235 -405 -406 0
a -1 -2 -3 4 5 6 7 8 9 10 11 12 13 -14 -15 -16 -17 -18 -19 -20 -21 22 23 24 -25 -26 -27 28 -175 235 -405 -406 0
a -1 -2 -3 4 5 6 7 8 9 10 11 12 13 22 -23 24 -25 -26 -27 28 -175 235 -405 -406 0
a -1 -2 -3 4 5 6 7 8 9 10 11 12 13 -14 -15 -16 -17 -18 -19 -20 -21 22 -23 24 25 -26 -27 28 -175 235 -405 -406 0
a -1 -2 -3 4 5 6 7 8 9 10 11 12 13 -14 -15 -16 -17 -18 -19 -20 -21 22 -23 24 -25 26 -27 28 -175 235 -405 -406 0
a -1 -2 -3 4 5 6 7 8 9 10 11 12 13 -14 -15 -16 -17 -18 -19 -20 -21 22 -23 24 -25 -26 27 28 -175 235 -405 -406 0
a -1 -2 -3 4 5 6 7 8 9 10 11 12 -13 22 -23 24 -25 -26 27 28 -175 235 -405 -406 0
a -1 -2 -3 4 5 6 7 8 9 10 11 12 -13 -14 -15 -16 -17 -18 -19 -20 -21 22 23 24 -25 -26 27 28 -175 235 -405 -406 0
a -1 -2 -3 4 5 6 7 8 9 10 11 12 -13 -14 -15 -16 -17 -18 -19 -20 -21 22 -23 24 25 -26 27 28 -175 235 -405 -406 0
a -1 -2 -3 4 5 6 7 8 9 10 11 12 -13 -14 -15 -16 -17 -18 -19 -20 -21 22 -23 24 -25 26 27 28 -175 235 -405 -406 0
a -1 -2 -3 4 5 6 7 8 9 10 11 12 -13 22 -23 24 -25 26 -27 28 -175 235 -405 -406 0
a -1 -2 -3 4 5 6 7 8 9 10 11 12 -13 -14 -15 -16 -17 -18 -19 -20 -21 22 23 24 -25 26 -27 28 -175 235 -405 -406 0
a -1 -2 -3 4 5 6 7 8 9 10 11 12 -13 -14 -15 -16 -17 -18 -19 -20 -21 22 -23 24 25 26 -27 28 -175 235 -405 -406 0
a -1 -2 -3 -4 5 6 7 8 9 10 11 12 -13 22 -23 24 25 -26 -27 28 -175 235 -405 -406 0
a -1 -2 -3 -4 5 6 7 8 9 10 11 12 -13 22 23 24 25 -26 -27 28 -175 235 -405 -406 0
a -1 -2 -3 -4 5 6 7 8 9 10 11 12 -13 22 23 24 -25 -26 -27 28 -175 235 -405 -406 0
a -1 -2 -3 -4 5 6 7 8 9 10 11 12 -13 22 -23 24 -25 -26 -27 28 -175 235 -405 -406 0
a -1 -2 -3 -4 5 6 7 8 9 10 11 12 -13 22 -23 24 -25 26 -27 28 -175 235 -405 -406 0
a -1 -2 -3 -4 5 6 7 8 9 10 11 12 -13 22 23 24 -25 26 -27 28 -175 235 -405 -406 0
a -1 -2 -3 -4 5 6 7 8 9 10 11 12 -13 -14 -15 -16 -17 -18 -19 -20 -21 22 23 24 25 26 -27 28 -175 235 -405 -406 0
a -1 -2 -3 -4 5 6 7 8 9 10 11 12 -13 22 -23 24 25 26 -27 28 -175 235 -405 -406 0
a -1 -2 -3 -4 5 6 7 8 9 10 11 12 -13 -14 -15 -16 -17 -18 -19 -20 -21 22 -23 24 25 26 27 28 -175 235 -405 -406 0
a -1 -2 -3 -4 5 6 7 8 9 10 11 12 -13 22 -23 24 -25 26 27 28 -175 235 -405 -406 0
a -1 -2 -3 -4 5 6 7 8 9 10 11 12 -13 -14 -15 -16 -17 -18 -19 -20 -21 22 23 24 -25 26 27 28 -175 235 -405 -406 0
a -1 -2 -3 -4 5 6 7 8 9 10 11 12 -13 22 23 24 -25 -26 27 28 -175 235 -405 -406 0
a -1 -2 -3 -4 5 6 7 8 9 10 11 12 -13 22 -23 24 -25 -26 27 28 -175 235 -405 -406 0
a -1 -2 -3 -4 5 6 7 8 9 10 11 12 -13 22 -23 24 25 -26 27 28 -175 235 -405 -406 0
a -1 -2 -3 -4 5 6 7 8 9 10 11 12 -13 -14 -15 -16 -17 -18 -19 -20 -21 22 23 24 25 -26 27 28 -175 235 -405 -406 0
a -1 -2 -3 -4 5 6 7 8 9 10 11 -12 -13 22 23 24 25 -26 27 28 -175 235 -405 -406 0
a -1 -2 -3 -4 5 6 7 8 9 10 11 -12 -13 22 -23 24 25 -26 27 28 -175 235 -405 -406 0
a -1 -2 -3 -4 5 6 7 8 9 10 11 -12 -13 22 -23 24 -25 -26 27 28 -175 235 -405 -406 0
a -1 -2 -3 -4 5 6 7 8 9 10 11 -12 -13 22 23 24 -25 -26 27 28 -175 235 -405 -406 0
a -1 -2 -3 -4 5 6 7 8 9 10 11 -12 -13 22 23 24 -25 26 27 28 -175 235 -405 -406 0
a -1 -2 -3 -4 5 6 7 8 9 10 11 -12 -13 22 -23 24 -25 26 27 28 -175 235 -405 -406 0
a -1 -2 -3 -4 5 6 7 8 9 10 11 -12 -13 22 -23 24 25 26 27 28 -175 235 -405 -406 0
a -1 -2 -3 -4 5 6 7 8 9 10 11 -12 -13 -14 -15 -16 -17 -18 -19 -20 -21 22 23 24 25 26 27 28 -175 235 -405 -406 0
a -1 -2 -3 -4 5 6 7 8 9 10 11 -12 -13 22 23 24 25 26 -27 28 -175 235 -405 -406 0
a -1 -2 -3 -4 5 6 7 8 9 10 11 -12 -13 22 -23 24 25 26 -27 28 -175 235 -405 -406 0
a -1 -2 -3 -4 5 6 7 8 9 10 11 -12 -13 22 -23 24 -25 26 -27 28 -175 235 -405 -406 0
a -1 -2 -3 -4 5 6 7 8 9 10 11 -12 -13 22 23 24 -25 26 -27 28 -175 235 -405 -406 0
a -1 -2 -3 -4 5 6 7 8 9 10 11 -12 -13 22 23 24 -25 -26 -27 28 -175 235 -405 -406 0
a -1 -2 -3 -4 5 6 7 8 9 10 11 -12 -13 22 -23 24 -25 -26 -27 28 -175 235 -405 -406 0
a -1 -2 -3 -4 5 6 7 8 9 10 -11 12 -13 22 -23 24 25 -26 -27 28 -175 235 -405 -406 0
a -1 -2 -3 -4 5 6 7 8 9 10 -11 12 -13 22 23 24 25 -26 -27 28 -175 235 -405 -406 0
a -1 -2 -3 -4 5 6 7 8 9 10 -11 12 -13 22 23 24 -25 -26 -27 28 -175 235 -405 -406 0
a -1 -2 -3 -4 5 6 7 8 9 10 -11 12 -13 22 -23 24 -25 -26 -27 28 -175 235 -405 -406 0
a -1 -2 -3 -4 5 6 7 8 9 10 -11 12 -13 22 -23 24 -25 26 -27 28 -175 235 -405 -406 0
a -1 -2 -3 -4 5 6 7 8 9 10 -11 12 -13 22 23 24 -25 26 -27 28 -175 235 -405 -406 0
a -1 -2 -3 -4 5 6 7 8 9 10 -11 12 -13 22 23 24 25 26 -27 28 -175 235 -405 -406 0
a -1 -2 -3 -4 5 6 7 8 9 10 -11 12 -13 22 -23 24 25 26 -27 28 -175 235 -405 -406 0
a -1 -2 -3 -4 5 6 7 8 9 10 -11 12 -13 22 -23 24 25 26 27 28 -175 235 -405 -406 0
a -1 -2 -3 -4 5 6 7 8 9 10 -11 12 -13 -14 -15 -16 -17 -18 -19 -20 -21 22 23 24 25 26 27 28 -175 235 -405 -406 0
a -1 -2 -3 -4 5 6 7 8 9 10 -11 12 -13 22 23 24 -25 26 27 28 -175 235 -405 -406 0
a -1 -2 -3 -4 5 6 7 8 9 10 -11 12 -13 22 -23 24 -25 26 27 28 -175 235 -405 -406 0
a -1 -2 -3 -4 5 6 7 8 9 10 -11 12 -13 22 -23 24 -25 -26 27 28 -175 235 -405 -406 0
a -1 -2 -3 -4 5 6 7 8 9 10 -11 12 -13 22 23 24 -25 -26 27 28 -175 235 -405 -406 0
a -1 -2 -3 -4 5 6 7 8 9 -10 11 12 -13 22 23 24 25 -26 27 28 -175 235 -405 -406 0
a -1 -2 -3 -4 5 6 7 8 9 -10 11 12 -13 22 -23 24 25 -26 27 28 -175 235 -405 -406 0
a -1 -2 -3 -4 5 6 7 8 9 -10 11 12 -13 22 -23 24 -25 -26 27 28 -175 235 -405 -406 0
a -1 -2 -3 -4 5 6 7 8 9 -10 11 12 -13 22 23 24 -25 -26 27 28 -175 235 -405 -406 0
a -1 -2 -3 -4 5 6 7 8 9 -10 11 12 -13 22 23 24 -25 26 27 28 -175 235 -405 -406 0
a -1 -2 -3 -4 5 6 7 8 9 -10 11 12 -13 22 -23 24 -25 26 27 28 -175 235 -405 -406 0
a -1 -2 -3 -4 5 6 7 8 9 -10 11 12 -13 22 -23 24 25 26 27 28 -175 235 -405 -406 0
a -1 -2 -3 -4 5 6 7 8 9 -10 11 12 -13 -14 -15 -16 -17 -18 -19 -20 -21 22 23 24 25 26 27 28 -175 235 -405 -406 0
a -1 -2 -3 -4 5 6 7 8 9 -10 11 12 -13 22 23 24 25 26 -27 28 -175 235 -405 -406 0
a -1 -2 -3 -4 5 6 7 8 9 -10 11 12 -13 22 -23 24 25 26 -27 28 -175 235 -405 -406 0
a -1 -2 -3 -4 5 6 7 8 9 -10 11 12 -13 22 -23 24 -25 26 -27 28 -175 235 -405 -406 0
a -1 -2 -3 -4 5 6 7 8 9 -10 11 12 -13 22 23 24 -25 26 -27 28 -175 235 -405 -406 0
a -1 -2 -3 -4 5 6 7 8 9 -10 11 12 -13 22 23 24 -25 -26 -27 28 -175 235 -405 -406 0
a -1 -2 -3 -4 5 6 7 8 9 -10 11 12 -13 22 -23 24 -25 -26 -27 28 -175 235 -405 -406 0
a -1 -2 -3 -4 5 6 7 8 -9 10 11 12 -13 22 -23 24 25 -26 -27 28 -175 235 -405 -406 0
a -1 -2 -3 -4 5 6 7 8 -9 10 11 12 -13 22 23 24 25 -26 -27 28 -175 235 -405 -406 0
a -1 -2 -3 -4 5 6 7 8 -9 10 11 12 -13 22 23 24 -25 -26 -27 28 -175 235 -405 -406 0
a -1 -2 -3 -4 5 6 7 8 -9 10 11 12 -13 22 -23 24 -25 -26 -27 28 -175 235 -405 -406 0
a -1 -2 -3 -4 5 6 7 8 -9 10 11 12 -13 22 -23 24 -25 26 -27 28 -175 235 -405 -406 0
a -1 -2 -3 -4 5 6 7 8 -9 10 11 12 -13 22 23 24 -25 26 -27 28 -175 235 -405 -406 0
a -1 -2 -3 -4 5 6 7 8 -9 10 11 12 -13 22 23 24 25 26 -27 28 -175 235 -405 -406 0
a -1 -2 -3 -4 5 6 7 8 -9 10 11 12 -13 22 -23 24 25 26 -27 28 -175 235 -405 -406 0
a -1 -2 -3 -4 5 6 7 8 -9 10 11 12 -13 22 -23 24 25 26 27 28 -175 235 -405 -406 0
a -1 -2 -3 -4 5 6 7 8 -9 10 11 12 -13 -14 -15 -16 -17 -18 -19 -20 -21 22 23 24 25 26 27 28 -175 235 -405 -406 0
a -1 -2 -3 -4 5 6 7 8 -9 10 11 12 -13 22 23 24 -25 26 27 28 -175 235 -405 -406 0
a -1 -2 -3 -4 5 6 7 8 -9 10 11 12 -13 22 -23 24 -25 26 27 28 -175 235 -405 -406 0
a -1 -2 -3 -4 5 6 7 8 -9 10 11 12 -13 22 -23 24 -25 -26 27 28 -175 235 -405 -406 0
a -1 -2 -3 -4 5 6 7 8 -9 10 11 12 -13 22 23 24 -25 -26 27 28 -175 235 -405 -406 0
a -1 -2 -3 -4 5 6 7 -8 9 10 11 12 -13 22 23 24 25 -26 27 28 -175 235 -405 -406 0
a -1 -2 -3 -4 5 6 7 -8 9 10 11 12 -13 22 -23 24 25 -26 27 28 -175 235 -405 -406 0
a -1 -2 -3 -4 5 6 7 -8 9 10 11 12 -13 22 -23 24 -25 -26 27 28 -175 235 -405 -406 0
a -1 -2 -3 -4 5 6 7 -8 9 10 11 12 -13 22 23 24 -25 -26 27 28 -175 235 -405 -406 0
a -1 -2 -3 -4 5 6 7 -8 9 10 11 12 -13 22 23 24 -25 26 27 28 -175 235 -405 -406 0
a -1 -2 -3 -4 5 6 7 -8 9 10 11 12 -13 22 -23 24 -25 26 27 28 -175 235 -405 -406 0
a -1 -2 -3 -4 5 6 7 -8 9 10 11 12 -13 22 -23 24 25 26 27 28 -175 235 -405 -406 0
a -1 -2 -3 -4 5 6 7 -8 9 10 11 12 -13 -14 -15 -16 -17 -18 -19 -20 -21 22 23 24 25 26 27 28 -175 235 -405 -406 0
a -1 -2 -3 -4 5 6 7 -8 9 10 11 12 -13 22 23 24 25 26 -27 28 -175 235 -405 -406 0
a -1 -2 -3 -4 5 6 7 -8 9 10 11 12 -13 22 -23 24 25 26 -27 28 -175 235 -405 -406 0
a -1 -2 -3 -4 5 6 7 -8 9 10 11 12 -13 22 -23 24 -25 26 -27 28 -175 235 -405 -406 0
a -1 -2 -3 -4 5 6 7 -8 9 10 11 12 -13 22 23 24 -25 26 -27 28 -175 235 -405 -406 0
a -1 -2 -3 -4 5 6 7 -8 9 10 11 12 -13 22 23 24 -25 -26 -27 28 -175 235 -405 -406 0
a -1 -2 -3 -4 5 6 7 -8 9 10 11 12 -13 22 -23 24 -25 -26 -27 28 -175 235 -405 -406 0
a -1 -2 -3 -4 5 6 -7 8 9 10 11 12 -13 22 -23 24 25 -26 -27 28 -175 235 -405 -406 0
a -1 -2 -3 -4 5 6 -7 8 9 10 11 12 -13 22 23 24 25 -26 -27 28 -175 235 -405 -406 0
a -1 -2 -3 -4 5 6 -7 8 9 10 11 12 -13 22 23 24 -25 -26 -27 28 -175 235 -405 -406 0
a -1 -2 -3 -4 5 6 -7 8 9 10 11 12 -13 22 -23 24 -25 -26 -27 28 -175 235 -405 -406 0
a -1 -2 -3 -4 5 6 -7 8 9 10 11 12 -13 22 -23 24 -25 26 -27 28 -175 235 -405 -406 0
a -1 -2 -3 -4 5 6 -7 8 9 10 11 12 -13 22 23 24 -25 26 -27 28 -175 235 -405 -406 0
a -1 -2 -3 -4 5 6 -7 8 9 10 11 12 -13 22 23 24 25 26 -27 28 -175 235 -405 -406 0
a -1 -2 -3 -4 5 6 -7 8 9 10 11 12 -13 22 -23 24 25 26 -27 28 -175 235 -405 -406 0
a -1 -2 -3 -4 5 6 -7 8 9 10 11 12 -13 22 -23 24 25 26 27 28 -175 235 -405 -406 0
a -1 -2 -3 -4 5 6 -7 8 9 10 11 12 -13 -14 -15 -16 -17 -18 -19 -20 -21 22 23 24 25 26 27 28 -175 235 -405 -406 0
a -1 -2 -3 -4 5 6 -7 8 9 10 11 12 -13 22 23 24 -25 26 27 28 -175 235 -405 -406 0
a -1 -2 -3 -4 5 6 -7 8 9 10 11 12 -13 22 -23 24 -25 26 27 28 -175 235 -405 -406 0
a -1 -2 -3 -4 5 6 -7 8 9 10 11 12 -13 22 -23 24 -25 -26 27 28 -175 235 -405 -406 0
a -1 -2 -3 -4 5 6 -7 8 9 10 11 12 -13 22 23 24 -25 -26 27 28 -175 235 -405 -406 0
a -1 -2 -3 -4 5 -6 7 8 9 10 11 12 -13 22 23 24 25 -26 27 28 -175 235 -405 -406 0
a -1 -2 -3 -4 5 -6 7 8 9 10 11 12 -13 22 -23 24 25 -26 27 28 -175 235 -405 -406 0
a -1 -2 -3 -4 5 -6 7 8 9 10 11 12 -13 22 -23 24 -25 -26 27 28 -175 235 -405 -406 0
a -1 -2 -3 -4 5 -6 7 8 9 10 11 12 -13 22 23 24 -25 -26 27 28 -175 235 -405 -406 0
a -1 -2 -3 -4 5 -6 7 8 9 10 11 12 -13 22 23 24 -25 26 27 28 -175 235 -405 -406 0
a -1 -2 -3 -4 5 -6 7 8 9 10 11 12 -13 22 -23 24 -25 26 27 28 -175 235 -405 -406 0
a -1 -2 -3 -4 5 -6 7 8 9 10 11 12 -13 22 -23 24 25 26 27 28 -175 235 -405 -406 0
a -1 -2 -3 -4 5 -6 7 8 9 10 11 12 -13 -14 -15 -16 -17 -18 -19 -20 -21 22 23 24 25 26 27 28 -175 235 -405 -406 0
a -1 -2 -3 -4 5 -6 7 8 9 10 11 12 -13 22 23 24 25 26 -27 28 -175 235 -405 -406 0
a -1 -2 -3 -4 5 -6 7 8 9 10 11 12 -13 22 -23 24 25 26 -27 28 -175 235 -405 -406 0
a -1 -2 -3 -4 5 -6 7 8 9 10 11 12 -13 22 -23 24 -25 26 -27 28 -175 235 -405 -406 0
a -1 -2 -3 -4 5 -6 7 8 9 10 11 12 -13 22 23 24 -25 26 -27 28 -175 235 -405 -406 0
a -1 -2 -3 -4 5 -6 7 8 9 10 11 12 -13 22 23 24 -25 -26 -27 28 -175 235 -405 -406 0
a -1 -2 -3 -4 5 -6 7 8 9 10 11 12 -13 22 -23 24 -25 -26 -27 28 -175 235 -405 -406 0
a -1 -2 -3 -4 -5 -6 7 8 9 10 11 12 -13 22 -23 24 25 -26 -27 28 -175 235 -405 -406 0
a -1 -2 -3 -4 -5 -6 7 8 9 10 11 12 -13 22 23 24 25 -26 -27 28 -175 235 -405 -406 0
a -1 -2 -3 -4 -5 -6 7 8 9 10 11 12 -13 22 23 24 -25 -26 -27 28 -175 235 -405 -406 0
a -1 -2 -3 -4 -5 -6 7 8 9 10 11 12 -13 22 -23 24 -25 -26 -27 28 -175 235 -405 -406 0
a -1 -2 -3 -4 -5 -6 7 8 9 10 11 12 -13 -22 -23 24 -25 -26 -27 28 -175 235 -405 -406 0
a -1 -2 -3 -4 -5 -6 7 8 9 10 11 12 -13 -22 23 24 -25 -26 -27 28 -175 235 -405 -406 0
a -1 -2 -3 -4 -5 -6 7 8 9 10 11 12 -13 -22 23 24 25 -26 -27 28 -175 235 -405 -406 0
a -1 -2 -3 -4 -5 -6 7 8 9 10 11 12 -13 -22 -23 24 25 -26 -27 28 -175 235 -405 -406 0
a -1 -2 -3 -4 -5 -6 7 8 9 10 11 12 13 -22 -23 -24 25 -26 -27 28 -175 235 -405 -406 0
a -1 -2 -3 -4 -5 -6 7 8 9 10 11 12 13 -22 23 -24 25 -26 -27 28 -175 235 -405 -406 0
a -1 -2 -3 -4 -5 -6 7 8 9 10 11 12 13 -22 23 -24 -25 -26 -27 28 -175 235 -405 -406 0
a -1 -2 -3 -4 -5 -6 7 8 9 10 11 12 13 -22 -23 -24 -25 -26 -27 28 -175 235 -405 -406 0
a -1 -2 -3 -4 -5 -6 7 8 9 10 11 12 13 22 -23 -24 -25 -26 -27 28 -175 235 -405 -406 0
a -1 -2 -3 -4 -5 -6 7 8 9 10 11 12 13 22 23 -24 -25 -26 -27 28 -175 235 -405 -406 0
a -1 -2 -3 -4 -5 -6 7 8 9 10 11 12 13 22 23 -24 25 -26 -27 28 -175 235 -405 -406 0
a -1 -2 -3 -4 -5 -6 7 8 9 10 11 12 13 22 -23 -24 25 -26 -27 28 -175 235 -405 -406 0
a -1 -2 -3 -4 -5 -6 7 8 9 10 11 12 13 22 -23 24 25 -26 -27 28 -175 235 -405 -406 0
a -1 -2 -3 -4 -5 -6 7 8 9 10 11 12 13 22 23 24 25 -26 -27 28 -175 235 -405 -406 0
a -1 -2 -3 -4 -5 -6 7 8 9 10 11 12 13 22 23 24 -25 -26 -27 28 -175 235 -405 -406 0
a -1 -2 -3 -4 -5 -6 7 8 9 10 11 12 13 22 -23 24 -25 -26 -27 28 -175 235 -405 -406 0
a -1 -2 -3 -4 -5 -6 7 8 9 10 11 12 13 22 -23 24 -25 26 -27 28 -175 235 -405 -406 0
a -1 -2 -3 -4 -5 -6 7 8 9 10 11 12 13 22 23 24 -25 26 -27 28 -175 235 -405 -406 0
a -1 -2 -3 -4 -5 -6 7 8 9 10 11 12 13 22 23 24 25 26 -27 28 -175 235 -405 -406 0
a -1 -2 -3 -4 -5 -6 7 8 9 10 11 12 13 22 -23 24 25 26 -27 28 -175 235 -405 -406 0
a -1 -2 -3 -4 -5 -6 7 8 9 10 11 12 13 22 -23 -24 25 26 -27 28 -175 235 -405 -406 0
a -1 -2 -3 -4 -5 -6 7 8 9 10 11 12 13 22 23 -24 25 26 -27 28 -175 235 -405 -406 0
a -1 -2 -3 -4 -5 -6 7 8 9 10 11 12 13 22 23 -24 -25 26 -27 28 -175 235 -405 -406 0
a -1 -2 -3 -4 -5 -6 7 8 9 10 11 12 13 22 -23 -24 -25 26 -27 28 -175 235 -405 -406 0
a -1 -2 -3 -4 -5 -6 7 8 9 10 11 12 13 22 -23 -24 -25 26 27 28 -175 235 -405 -406 0
a -1 -2 -3 -4 -5 -6 7 8 9 10 11 12 13 22 23 -24 -25 26 27 28 -175 235 -405 -406 0
a -1 -2 -3 -4 -5 -6 7 8 9 10 11 12 13 22 23 -24 25 26 27 28 -175 235 -405 -406 0
a -1 -2 -3 -4 -5 -6 7 8 9 10 11 12 13 22 -23 -24 25 26 27 28 -175 235 -405 -406 0
a -1 -2 -3 -4 -5 -6 7 8 9 10 11 12 13 22 -23 24 25 26 27 28 -175 235 -405 -406 0
a -1 -2 -3 -4 -5 -6 7 8 9 10 11 12 13 -14 -15 -16 -17 -18 -19 -20 -21 22 23 24 25 26 27 28 -175 235 -405 -406 0
a -1 -2 -3 -4 -5 -6 7 8 9 10 11 12 13 22 23 24 25 -26 27 28 -175 235 -405 -406 0
a -1 -2 -3 -4 -5 -6 7 8 9 10 11 12 13 22 -23 24 25 -26 27 28 -175 235 -405 -406 0
a -1 -2 -3 -4 -5 -6 7 8 9 10 11 12 13 22 -23 -24 25 -26 27 28 -175 235 -405 -406 0
a -1 -2 -3 -4 -5 -6 7 8 9 10 11 12 13 22 23 -24 25 -26 27 28 -175 235 -405 -406 0
a -1 -2 -3 4 -5 -6 7 8 9 10 11 12 13 22 23 -24 25 -26 27 28 -175 235 -405 -406 0
a -1 -2 -3 4 -5 -6 7 8 9 10 11 12 13 22 -23 -24 25 -26 27 28 -175 235 -405 -406 0
a -1 -2 -3 4 -5 -6 7 8 9 10 11 12 13 22 -23 24 25 -26 27 28 -175 235 -405 -406 0
a -1 -2 -3 4 -5 -6 7 8 9 10 11 12 13 -14 -15 -16 -17 -18 -19 -20 -21 22 23 24 25 -26 27 28 -175 235 -405 -406 0
a -1 -2 -3 4 -5 -6 7 8 9 10 11 12 13 -14 -15 -16 -17 -18 -19 -20 -21 22 -23 24 25 26 27 28 -175 235 -405 -406 0
a -1 -2 -3 4 -5 -6 7 8 9 10 11 12 13 22 -23 -24 25 26 27 28 -175 235 -405 -406 0
a -1 -2 -3 4 -5 -6 7 8 9 10 11 12 13 -14 -15 -16 -17 -18 -19 -20 -21 22 23 -24 25 26 27 28 -175 235 -405 -406 0
a -1 -2 -3 4 -5 -6 7 8 9 10 11 12 13 22 23 -24 25 26 -27 28 -175 235 -405 -406 0
a -1 -2 -3 4 -5 -6 7 8 9 10 11 12 13 22 -23 -24 25 26 -27 28 -175 235 -405 -406 0
a -1 -2 -3 4 -5 -6 7 8 9 10 11 12 13 22 -23 24 25 26 -27 28 -175 235 -405 -406 0
a -1 -2 -3 4 -5 -6 7 8 9 10 11 12 13 -14 -15 -16 -17 -18 -19 -20 -21 22 23 24 25 26 -27 28 -175 235 -405 -406 0
a -1 -2 -3 -4 -5 6 7 8 9 10 11 12 13 22 23 24 25 -26 -27 28 -175 235 -405 -406 0
a -1 -2 -3 -4 -5 6 7 8 9 10 11 12 13 22 -23 24 25 -26 -27 28 -175 235 -405 -406 0
a -1 -2 -3 -4 -5 6 7 8 9 10 11 12 13 22 -23 -24 25 -26 -27 28 -175 235 -405 -406 0
a -1 -2 -3 -4 -5 6 7 8 9 10 11 12 13 22 23 -24 25 -26 -27 28 -175 235 -405 -406 0
a -1 -2 -3 -4 -5 6 7 8 9 10 11 12 13 22 23 -24 25 26 -27 28 -175 235 -405 -406 0
a -1 -2 -3 -4 -5 6 7 8 9 10 11 12 13 22 -23 -24 25 26 -27 28 -175 235 -405 -406 0
a -1 -2 -3 -4 -5 6 7 8 9 10 11 12 13 22 -23 24 25 26 -27 28 -175 235 -405 -406 0
a -1 -2 -3 -4 -5 6 7 8 9 10 11 12 13 -14 -15 -16 -17 -18 -19 -20 -21 22 23 24 25 26 -27 28 -175 235 -405 -406 0
a -1 -2 -3 -4 -5 6 7 8 9 10 11 12 13 -14 -15 -16 -17 -18 -19 -20 -21 22 -23 24 25 26 27 28 -175 235 -405 -406 0
a -1 -2 -3 -4 -5 6 7 8 9 10 11 12 13 22 -23 -24 25 26 27 28 -175 235 -405 -406 0
a -1 -2 -3 -4 -5 6 7 8 9 10 11 12 13 -14 -15 -16 -17 -18 -19 -20 -21 22 23 -24 25 26 27 28 -175 235 -405 -406 0
a -1 -2 -3 -4 -5 6 7 8 9 10 11 12 13 22 23 -24 25 -26 27 28 -175 235 -405 -406 0
a -1 -2 -3 -4 -5 6 7 8 9 10 11 12 13 22 -23 -24 25 -26 27 28 -175 235 -405 -406 0
a -1 -2 -3 -4 -5 6 7 8 9 10 11 12 13 22 -23 24 25 -26 27 28 -175 235 -405 -406 0
a -1 -2 -3 -4 -5 6 7 8 9 10 11 12 13 -14 -15 -16 -17 -18 -19 -20 -21 22 23 24 25 -26 27 28 -175 235 -405 -406 0
a -1 -2 -3 -4 -5 -6 7 8 9 10 11 -12 13 22 23 24 25 -26 27 28 -175 235 -405 -406 0
a -1 -2 -3 -4 -5 -6 7 8 9 10 11 -12 13 22 -23 24 25 -26 27 28 -175 235 -405 -406 0
a -1 -2 -3 -4 -5 -6 7 8 9 10 11 -12 13 22 -23 -24 25 -26 27 28 -175 235 -405 -406 0
a -1 -2 -3 -4 -5 -6 7 8 9 10 11 -12 13 22 23 -24 25 -26 27 28 -175 235 -405 -406 0
a -1 -2 -3 -4 -5 -6 7 8 9 10 11 -12 13 22 23 -24 25 26 27 28 -175 235 -405 -406 0
a -1 -2 -3 -4 -5 -6 7 8 9 10 11 -12 13 22 -23 -24 25 26 27 28 -175 235 -405 -406 0
a -1 -2 -3 -4 -5 -6 7 8 9 10 11 -12 13 22 -23 24 25 26 27 28 -175 235 -405 -406 0
a -1 -2 -3 -4 -5 -6 7 8 9 10 11 -12 13 22 23 24 25 26 27 28 -175 235 -405 -406 0
a -1 -2 -3 -4 -5 -6 7 8 9 10 11 -12 13 22 23 24 25 26 -27 28 -175 235 -405 -406 0
a -1 -2 -3 -4 -5 -6 7 8 9 10 11 -12 13 22 -23 24 25 26 -27 28 -175 235 -405 -406 0
a -1 -2 -3 -4 -5 -6 7 8 9 10 11 -12 13 22 -23 -24 25 26 -27 28 -175 235 -405 -406 0
a -1 -2 -3 -4 -5 -6 7 8 9 10 11 -12 13 22 23 -24 25 26 -27 28 -175 235 -405 -406 0
a -1 -2 -3 -4 -5 -6 7 8 9 10 11 -12 13 22 23 -24 25 -26 -27 28 -175 235 -405 -406 0
a -1 -2 -3 -4 -5 -6 7 8 9 10 11 -12 13 22 -23 -24 25 -26 -27 28 -175 235 -405 -406 0
a -1 -2 -3 -4 -5 -6 7 8 9 10 -11 12 13 22 -23 24 25 -26 -27 28 -175 235 -405 -406 0
a -1 -2 -3 -4 -5 -6 7 8 9 10 -11 12 13 22 23 24 25 -26 -27 28 -175 235 -405 -406 0
a -1 -2 -3 -4 -5 -6 7 8 9 10 -11 12 13 22 23 -24 25 -26 -27 28 -175 235 -405 -406 0
a -1 -2 -3 -4 -5 -6 7 8 9 10 -11 12 13 22 -23 -24 25 -26 -27 28 -175 235 -405 -406 0
a -1 -2 -3 -4 -5 -6 7 8 9 10 -11 12 13 22 -23 -24 25 26 -27 28 -175 235 -405 -406 0
a -1 -2 -3 -4 -5 -6 7 8 9 10 -11 12 13 22 23 -24 25 26 -27 28 -175 235 -405 -406 0
a -1 -2 -3 -4 -5 -6 7 8 9 10 -11 12 13 22 23 24 25 26 -27 28 -175 235 -405 -406 0
a -1 -2 -3 -4 -5 -6 7 8 9 10 -11 12 13 22 -23 24 25 26 -27 28 -175 235 -405 -406 0
a -1 -2 -3 -4 -5 -6 7 8 9 10 -11 12 13 22 -23 24 25 26 27 28 -175 235 -405 -406 0
a -1 -2 -3 -4 -5 -6 7 8 9 10 -11 12 13 22 23 24 25 26 27 28 -175 235 -405 -406 0
a -1 -2 -3 -4 -5 -6 7 8 9 10 -11 12 13 22 23 -24 25 26 27 28 -175 235 -405 -406 0
a -1 -2 -3 -4 -5 -6 7 8 9 10 -11 12 13 22 -23 -24 25 26 27 28 -175 235 -405 -406 0
a -1 -2 -3 -4 -5 -6 7 8 9 10 -11 12 13 22 -23 -24 25 -26 27 28 -175 235 -405 -406 0
a -1 -2 -3 -4 -5 -6 7 8 9 10 -11 12 13 22 23 -24 25 -26 27 28 -175 235 -405 -406 0
a -1 -2 -3 -4 -5 -6 7 8 9 -10 11 12 13 22 23 24 25 -26 27 28 -175 235 -405 -406 0
a -1 -2 -3 -4 -5 -6 7 8 9 -10 11 12 13 22 -23 24 25 -26 27 28 -175 235 -405 -406 0
a -1 -2 -3 -4 -5 -6 7 8 9 -10 11 12 13 22 -23 -24 25 -26 27 28 -175 235 -405 -406 0
a -1 -2 -3 -4 -5 -6 7 8 9 -10 11 12 13 22 23 -24 25 -26 27 28 -175 235 -405 -406 0
a -1 -2 -3 -4 -5 -6 7 8 9 -10 11 12 13 22 23 -24 25 26 27 28 -175 235 -405 -406 0
a -1 -2 -3 -4 -5 -6 7 8 9 -10 11 12 13 22 -23 -24 25 26 27 28 -175 235 -405 -406 0
a -1 -2 -3 -4 -5 -6 7 8 9 -10 11 12 13 22 -23 24 25 26 27 28 -175 235 -405 -406 0
a -1 -2 -3 -4 -5 -6 7 8 9 -10 11 12 13 22 23 24 25 26 27 28 -175 235 -405 -406 0
a -1 -2 -3 -4 -5 -6 7 8 9 -10 11 12 13 22 23 24 25 26 -27 28 -175 235 -405 -406 0
a -1 -2 -3 -4 -5 -6 7 8 9 -10 11 12 13 22 -23 24 25 26 -27 28 -175 235 -405 -406 0
a -1 -2 -3 -4 -5 -6 7 8 9 -10 11 12 13 22 -23 -24 25 26 -27 28 -175 235 -405 -406 0
a -1 -2 -3 -4 -5 -6 7 8 9 -10 11 12 13 22 23 -24 25 26 -27 28 -175 235 -405 -406 0
a -1 -2 -3 -4 -5 -6 7 8 9 -10 11 12 13 22 23 -24 25 -26 -27 28 -175 235 -405 -406 0
a -1 -2 -3 -4 -5 -6 7 8 9 -10 11 12 13 22 -23 -24 25 -26 -27 28 -175 235 -405 -406 0
a -1 -2 -3 -4 -5 -6 7 8 -9 10 11 12 13 22 -23 24 25 -26 -27 28 -175 235 -405 -406 0
a -1 -2 -3 -4 -5 -6 7 8 -9 10 11 12 13 22 23 24 25 -26 -27 28 -175 235 -405 -406 0
a -1 -2 -3 -4 -5 -6 7 8 -9 10 11 12 13 22 23 -24 25 -26 -27 28 -175 235 -405 -406 0
a -1 -2 -3 -4 -5 -6 7 8 -9 10 11 12 13 22 -23 -24 25 -26 -27 28 -175 235 -405 -406 0
a -1 -2 -3 -4 -5 -6 7 8 -9 10 11 12 13 22 -23 -24 25 26 -27 28 -175 235 -405 -406 0
a -1 -2 -3 -4 -5 -6 7 8 -9 10 11 12 13 22 23 -24 25 26 -27 28 -175 235 -405 -406 0
a -1 -2 -3 -4 -5 -6 7 8 -9 10 11 12 13 22 23 24 25 26 -27 28 -175 235 -405 -406 0
a -1 -2 -3 -4 -5 -6 7 8 -9 10 11 12 13 22 -23 24 25 26 -27 28 -175 235 -405 -406 0
a -1 -2 -3 -4 -5 -6 7 8 -9 10 11 12 13 22 -23 24 25 26 27 28 -175 235 -405 -406 0
a -1 -2 -3 -4 -5 -6 7 8 -9 10 11 12 13 22 23 24 25 26 27 28 -175 235 -405 -406 0
a -1 -2 -3 -4 -5 -6 7 8 -9 10 11 12 13 22 23 -24 25 26 27 28 -175 235 -405 -406 0
a -1 -2 -3 -4 -5 -6 7 8 -9 10 11 12 13 22 -23 -24 25 26 27 28 -175 235 -405 -406 0
a -1 -2 -3 -4 -5 -6 7 8 -9 10 11 12 13 22 -23 -24 25 -26 27 28 -175 235 -405 -406 0
a -1 -2 -3 -4 -5 -6 7 8 -9 10 11 12 13 22 23 -24 25 -26 27 28 -175 235 -405 -406 0
a -1 -2 -3 -4 -5 -6 7 -8 9 10 11 12 13 22 23 24 25 -26 27 28 -175 235 -405 -406 0
a -1 -2 -3 -4 -5 -6 7 -8 9 10 11 12 13 22 -23 24 25 -26 27 28 -175 235 -405 -406 0
a -1 -2 -3 -4 -5 -6 7 -8 9 10 11 12 13 22 -23 -24 25 -26 27 28 -175 235 -405 -406 0
a -1 -2 -3 -4 -5 -6 7 -8 9 10 11 12 13 22 23 -24 25 -26 27 28 -175 235 -405 -406 0
a -1 -2 -3 -4 -5 -6 7 -8 9 10 11 12 13 22 23 -24 25 26 27 28 -175 235 -405 -406 0
a -1 -2 -3 -4 -5 -6 7 -8 9 10 11 12 13 22 -23 -24 25 26 27 28 -175 235 -405 -406 0
a -1 -2 -3 -4 -5 -6 7 -8 9 10 11 12 13 22 -23 24 25 26 27 28 -175 235 -405 -406 0
a -1 -2 -3 -4 -5 -6 7 -8 9 10 11 12 13 22 23 24 25 26 27 28 -175 235 -405 -406 0
a -1 -2 -3 -4 -5 -6 7 -8 9 10 11 12 13 22 23 24 25 26 -27 28 -175 235 -405 -406 0
a -1 -2 -3 -4 -5 -6 7 -8 9 10 11 12 13 22 -23 24 25 26 -27 28 -175 235 -405 -406 0
a -1 -2 -3 -4 -5 -6 7 -8 9 10 11 12 13 22 -23 -24 25 26 -27 28 -175 235 -405 -406 0
a -1 -2 -3 -4 -5 -6 7 -8 9 10 11 12 13 22 23 -24 25 26 -27 28 -175 235 -405 -406 0
a -1 -2 -3 -4 -5 -6 7 -8 9 10 11 12 13 22 23 -24 25 -26 -27 28 -175 235 -405 -406 0
a -1 -2 -3 -4 -5 -6 7 -8 9 10 11 12 13 22 -23 -24 25 -26 -27 28 -175 235 -405 -406 0
a -1 -2 -3 -4 -5 -6 -7 -8 9 10 11 12 13 22 -23 24 25 -26 -27 28 -175 235 -405 -406 0
a -1 -2 -3 -4 -5 -6 -7 -8 9 10 11 12 13 22 23 24 25 -26 -27 28 -175 235 -405 -406 0
a -1 -2 -3 -4 -5 -6 -7 -8 9 10 11 12 13 22 23 -24 25 -26 -27 28 -175 235 -405 -406 0
a -1 -2 -3 -4 -5 -6 -7 -8 9 10 11 12 13 22 -23 -24 25 -26 -27 28 -175 235 -405 -406 0
a -1 -2 -3 -4 -5 -6 -7 -8 9 10 11 12 13 22 -23 -24 -25 -26 -27 28 -175 235 -405 -406 0
a -1 -2 -3 -4 -5 -6 -7 -8 9 10 11 12 13 22 23 -24 -25 -26 -27 28 -175 235 -405 -406 0
a -1 -2 -3 -4 -5 -6 -7 -8 9 10 11 12 13 22 23 24 -25 -26 -27 28 -175 235 -405 -406 0
a -1 -2 -3 -4 -5 -6 -7 -8 9 10 11 12 13 22 -23 24 -25 -26 -27 28 -175 235 -405 -406 0
a -1 -2 -3 -4 -5 -6 -7 -8 9 10 11 12 13 -22 -23 24 -25 -26 -27 28 -175 235 -405 -406 0
a -1 -2 -3 -4 -5 -6 -7 -8 9 10 11 12 13 22 23 24 -25 26 -27 28 -175 235 -405 -406 0
a -1 -2 -3 -4 -5 -6 -7 -8 9 10 11 12 13 22 -23 24 -25 26 -27 28 -175 235 -405 -406 0
a -1 -2 -3 -4 -5 -6 -7 -8 9 10 11 12 13 22 -23 -24 -25 26 -27 28 -175 235 -405 -406 0
a -1 -2 -3 -4 -5 -6 -7 -8 9 10 11 12 13 22 23 -24 -25 26 -27 28 -175 235 -405 -406 0
a -1 -2 -3 -4 -5 -6 -7 -8 9 10 11 12 13 22 23 -24 25 26 -27 28 -175 235 -405 -406 0
a -1 -2 -3 -4 -5 -6 -7 -8 9 10 11 12 13 22 -23 -24 25 26 -27 28 -175 235 -405 -406 0
a -1 -2 -3 -4 -5 -6 -7 -8 9 10 11 12 13 22 -23 24 25 26 -27 28 -175 235 -405 -406 0
a -1 -2 -3 -4 -5 -6 -7 -8 9 10 11 12 13 22 23 24 25 26 -27 28 -175 235 -405 -406 0
a -1 -2 -3 -4 -5 -6 -7 -8 9 10 11 12 13 22 23 24 25 26 27 28 -175 235 -405 -406 0
a -1 -2 -3 -4 -5 -6 -7 -8 9 10 11 12 13 22 -23 24 25 26 27 28 -175 235 -405 -406 0
a -1 -2 -3 -4 -5 -6 -7 -8 9 10 11 12 13 22 -23 -24 25 26 27 28 -175 235 -405 -406 0
a -1 -2 -3 -4 -5 -6 -7 -8 9 10 11 12 13 22 23 -24 25 26 27 28 -175 235 -405 -406 0
a -1 -2 -3 -4 -5 -6 -7 -8 9 10 11 12 13 22 23 -24 -25 26 27 28 -175 235 -405 -406 0
a -1 -2 -3 -4 -5 -6 -7 -8 9 10 11 12 13 22 -23 -24 -25 26 27 28 -175 235 -405 -406 0
a -1 -2 -3 -4 -5 -6 -7 -8 9 10 11 12 13 22 23 24 -25 26 27 28 -175 235 -405 -406 0
a -1 -2 -3 -4 -5 -6 -7 -8 9 10 11 12 13 22 23 24 -25 -26 27 28 -175 235 -405 -406 0
a -1 -2 -3 -4 -5 -6 -7 -8 9 10 11 12 13 22 23 -24 -25 -26 27 28 -175 235 -405 -406 0
a -1 -2 -3 -4 -5 -6 -7 -8 9 10 11 12 13 22 23 -24 25 -26 27 28 -175 235 -405 -406 0
a -1 -2 -3 -4 -5 -6 -7 -8 9 10 11 12 13 22 23 24 25 -26 27 28 -175 235 -405 -406 0
a -1 -2 -3 -4 -5 -6 -7 -8 9 10 11 12 -13 22 23 24 25 -26 27 28 -175 235 -405 -406 0
a -1 -2 -3 -4 -5 -6 -7 -8 9 10 11 12 -13 22 23 -24 25 -26 27 28 -175 235 -405 -406 0
a -1 -2 -3 -4 -5 -6 -7 -8 9 10 11 12 -13 22 23 -24 -25 -26 27 28 -175 235 -405 -406 0
a -1 -2 -3 -4 -5 -6 -7 -8 9 10 11 12 -13 22 23 24 -25 -26 27 28 -175 235 -405 -406 0
a -1 -2 -3 -4 -5 -6 -7 -8 9 10 11 12 -13 22 23 24 -25 26 27 28 -175 235 -405 -406 0
a -1 -2 -3 -4 -5 -6 -7 -8 9 10 11 12 -13 22 23 -24 -25 26 27 28 -175 235 -405 -406 0
a -1 -2 -3 -4 -5 -6 -7 -8 9 10 11 12 -13 22 23 -24 25 26 27 28 -175 235 -405 -406 0
a -1 -2 -3 -4 -5 -6 -7 -8 9 10 11 12 -13 22 23 24 25 26 27 28 -175 235 -405 -406 0
a -1 -2 -3 -4 -5 -6 -7 -8 9 10 11 12 -13 22 23 24 25 26 -27 28 -175 235 -405 -406 0
a -1 -2 -3 -4 -5 -6 -7 -8 9 10 11 12 -13 22 23 -24 25 26 -27 28 -175 235 -405 -406 0
a -1 -2 -3 -4 -5 6 -7 -8 9 10 11 12 13 22 23 -24 -25 26 -27 28 -175 235 -405 -406 0
a -1 -2 -3 -4 -5 6 -7 -8 9 10 11 12 13 22 23 24 -25 26 -27 28 -175 235 -405 -406 0
a -1 -2 -3 -4 -5 6 -7 -8 9 10 11 12 13 22 23 24 25 26 -27 28 -175 235 -405 -406 0
a -1 -2 -3 -4 -5 6 -7 -8 9 10 11 12 13 22 23 -24 25 26 -27 28 -175 235 -405 -406 0
a -1 -2 -3 -4 -5 6 -7 -8 9 10 11 12 13 22 23 -24 25 -26 -27 28 -175 235 -405 -406 0
a -1 -2 -3 -4 -5 6 -7 -8 9 10 11 12 13 22 23 24 25 -26 -27 28 -175 235 -405 -406 0
a -1 -2 -3 -4 -5 6 -7 -8 9 10 11 12 13 22 23 24 -25 -26 -27 28 -175 235 -405 -406 0
a -1 -2 -3 -4 -5 6 -7 -8 9 10 11 12 13 22 23 -24 -25 -26 -27 28 -175 235 -405 -406 0
a -1 -2 -3 -4 -5 6 -7 -8 9 10 11 12 13 22 23 -24 -25 -26 27 28 -175 235 -405 -406 0
a -1 -2 -3 -4 -5 6 -7 -8 9 10 11 12 13 22 23 24 -25 -26 27 28 -175 235 -405 -406 0
a -1 -2 -3 -4 -5 6 -7 -8 9 10 11 12 13 22 23 24 25 -26 27 28 -175 235 -405 -406 0
a -1 -2 -3 -4 -5 6 -7 -8 9 10 11 12 13 22 23 -24 25 -26 27 28 -175 235 -405 -406 0
a -1 -2 -3 -4 -5 6 -7 -8 9 10 11 12 13 22 23 -24 25 26 27 28 -175 235 -405 -406 0
a -1 -2 -3 -4 -5 6 -7 -8 9 10 11 12 13 22 23 24 25 26 27 28 -175 235 -405 -406 0
a -1 -2 -3 -4 -5 -6 -7 8 9 10 11 12 13 22 23 24 -25 26 27 28 -175 235 -405 -406 0
a -1 -2 -3 -4 -5 -6 -7 8 9 10 11 12 13 22 23 -24 -25 26 27 28 -175 235 -405 -406 0
a -1 -2 -3 -4 -5 -6 -7 8 9 10 11 12 13 22 23 -24 25 26 27 28 -175 235 -405 -406 0
a -1 -2 -3 -4 -5 -6 -7 8 9 10 11 12 13 22 23 24 25 26 27 28 -175 235 -405 -406 0
a -1 -2 -3 -4 -5 -6 -7 8 9 10 11 12 13 22 23 24 25 -26 27 28 -175 235 -405 -406 0
a -1 -2 -3 -4 -5 -6 -7 8 9 10 11 12 13 22 23 -24 25 -26 27 28 -175 235 -405 -406 0
a -1 -2 -3 -4 -5 -6 -7 8 9 10 11 12 13 22 23 -24 -25 -26 27 28 -175 235 -405 -406 0
a -1 -2 -3 -4 -5 -6 -7 8 9 10 11 12 13 22 23 24 -25 -26 27 28 -175 235 -405 -406 0
a -1 -2 -3 -4 -5 -6 -7 8 9 10 11 12 13 22 23 24 -25 -26 -27 28 -175 235 -405 -406 0
a -1 -2 -3 -4 -5 -6 -7 8 9 10 11 12 13 22 23 -24 -25 -26 -27 28 -175 235 -405 -406 0
a -1 -2 -3 -4 -5 -6 -7 8 9 10 11 12 13 22 23 -24 25 -26 -27 28 -175 235 -405 -406 0
a -1 -2 -3 -4 -5 -6 -7 8 9 10 11 12 13 22 23 24 25 -26 -27 28 -175 235 -405 -406 0
a -1 -2 -3 -4 -5 -6 -7 8 9 10 11 12 13 22 23 24 25 26 -27 28 -175 235 -405 -406 0
a -1 -2 -3 -4 -5 -6 -7 8 9 10 11 12 13 22 23 -24 25 26 -27 28 -175 235 -405 -406 0
a -1 -2 -3 -4 -5 -6 -7 8 9 10 11 12 13 22 23 24 -25 26 -27 28 -175 235 -405 -406 0
a -1 -2 -3 -4 -5 -6 -7 8 9 10 11 -12 13 22 23 24 -25 26 -27 28 -175 235 -405 -406 0
a -1 -2 -3 -4 -5 -6 -7 8 9 10 11 -12 13 22 23 24 25 26 -27 28 -175 235 -405 -406 0
a -1 -2 -3 -4 -5 -6 -7 8 9 10 11 -12 13 22 23 24 25 -26 -27 28 -175 235 -405 -406 0
a -1 -2 -3 -4 -5 -6 -7 8 9 10 11 -12 13 22 23 24 -25 -26 -27 28 -175 235 -405 -406 0
a -1 -2 -3 -4 -5 -6 -7 8 9 10 11 -12 13 22 23 24 -25 -26 27 28 -175 235 -405 -406 0
a -1 -2 -3 -4 -5 -6 -7 8 9 10 11 -12 13 22 23 24 25 -26 27 28 -175 235 -405 -406 0
a -1 -2 -3 -4 -5 -6 -7 8 9 10 11 -12 13 22 23 24 25 26 27 28 -175 235 -405 -406 0
a -1 -2 -3 -4 -5 -6 -7 8 9 10 11 -12 13 22 23 24 -25 26 27 28 -175 235 -405 -406 0
a -1 -2 -3 -4 -5 -6 -7 -8 9 10 11 -12 13 22 23 24 -25 26 27 28 -175 235 -405 -406 0
a -1 -2 -3 -4 -5 -6 -7 -8 9 10 11 -12 13 22 23 24 25 26 27 28 -175 235 -405 -406 0
a -1 -2 -3 -4 -5 -6 -7 -8 9 10 11 -12 13 22 23 24 25 -26 27 28 -175 235 -405 -406 0
a -1 -2 -3 -4 -5 -6 -7 -8 9 10 11 -12 13 22 23 24 -25 -26 27 28 -175 235 -405 -406 0
a -1 -2 -3 -4 -5 -6 -7 -8 9 10 11 -12 13 22 23 24 -25 -26 -27 28 -175 235 -405 -406 0
a -1 -2 -3 -4 -5 -6 -7 -8 9 10 -11 12 13 22 23 24 25 -26 -27 28 -175 235 -405 -406 0
a -1 -2 -3 -4 -5 -6 -7 -8 9 10 -11 12 13 22 23 24 -25 -26 -27 28 -175 235 -405 -406 0
a -1 -2 -3 -4 -5 -6 -7 -8 9 10 -11 12 13 22 23 24 -25 26 -27 28 -175 235 -405 -406 0
a -1 -2 -3 -4 -5 -6 -7 -8 9 10 -11 12 13 22 23 24 25 26 -27 28 -175 235 -405 -406 0
a -1 -2 -3 -4 -5 -6 -7 -8 9 10 -11 12 13 22 23 24 25 26 27 28 -175 235 -405 -406 0
a -1 -2 -3 -4 -5 -6 -7 -8 9 10 -11 12 13 22 23 24 -25 26 27 28 -175 235 -405 -406 0
a -1 -2 -3 -4 -5 -6 -7 -8 9 10 -11 12 13 22 23 24 -25 -26 27 28 -175 235 -405 -406 0
a -1 -2 -3 -4 -5 -6 -7 -8 9 10 -11 12 13 22 23 24 25 -26 27 28 -175 235 -405 -406 0
a -1 -2 -3 -4 -5 -6 -7 -8 9 10 -11 12 13 22 23 -24 25 -26 27 28 -175 235 -405 -406 0
a -1 -2 -3 -4 -5 -6 -7 -8 9 10 -11 12 13 22 23 -24 -25 -26 27 28 -175 235 -405 -406 0
a -1 -2 -3 -4 -5 -6 -7 -8 9 10 -11 12 13 22 23 -24 -25 26 27 28 -175 235 -405 -406 0
a -1 -2 -3 -4 -5 -6 -7 -8 9 10 -11 12 13 22 23 -24 25 26 27 28 -175 235 -405 -406 0
a -1 -2 -3 -4 -5 -6 -7 -8 9 10 -11 12 13 22 23 -24 25 26 -27 28 -175 235 -405 -406 0
a -1 -2 -3 -4 -5 -6 -7 -8 9 10 -11 12 13 22 23 -24 -25 26 -27 28 -175 235 -405 -406 0
a -1 -2 -3 -4 -5 -6 -7 -8 9 -10 11 12 13 22 23 -24 -25 -26 -27 28 -175 235 -405 -406 0
a -1 -2 -3 -4 -5 -6 -7 -8 9 -10 11 12 13 22 23 -24 25 -26 -27 28 -175 235 -405 -406 0
a -1 -2 -3 -4 -5 -6 -7 -8 9 -10 11 12 13 22 23 -24 25 26 -27 28 -175 235 -405 -406 0
a -1 -2 -3 -4 -5 -6 -7 -8 9 -10 11 12 13 22 23 -24 -25 26 -27 28 -175 235 -405 -406 0
a -1 -2 -3 -4 -5 -6 -7 -8 9 -10 11 12 13 22 23 -24 -25 26 27 28 -175 235 -405 -406 0
a -1 -2 -3 -4 -5 -6 -7 -8 9 -10 11 12 13 22 23 -24 25 26 27 28 -175 235 -405 -406 0
a -1 -2 -3 -4 -5 -6 -7 -8 9 -10 11 12 13 22 23 -24 25 -26 27 28 -175 235 -405 -406 0
a -1 -2 -3 -4 -5 -6 -7 -8 9 -10 11 12 13 22 23 -24 -25 -26 27 28 -175 235 -405 -406 0
a -1 -2 -3 -4 -5 -6 -7 -8 9 -10 11 12 13 22 23 24 -25 -26 27 28 -175 235 -405 -406 0
a -1 -2 -3 -4 -5 -6 -7 -8 9 -10 11 12 13 22 23 24 25 -26 27 28 -175 235 -405 -406 0
a -1 -2 -3 -4 -5 -6 -7 -8 9 -10 11 12 13 22 23 24 25 26 27 28 -175 235 -405 -406 0
a -1 -2 -3 -4 -5 -6 -7 -8 9 -10 11 12 13 22 23 24 -25 26 27 28 -175 235 -405 -406 0
a -1 -2 -3 -4 -5 -6 -7 -8 9 -10 11 12 13 22 23 24 -25 26 -27 28 -175 235 -405 -406 0
a -1 -2 -3 -4 -5 -6 -7 -8 9 -10 11 12 13 22 23 24 25 26 -27 28 -175 235 -405 -406 0
a -1 -2 -3 -4 -5 -6 -7 -8 -9 -10 11 12 13 22 23 24 25 -26 -27 28 -175 235 -405 -406 0
a -1 -2 -3 -4 -5 -6 -7 -8 -9 -10 11 12 13 22 23 24 -25 -26 -27 28 -175 235 -405 -406 0
a -1 -2 -3 -4 -5 -6 -7 -8 -9 -10 11 12 13 22 23 24 -25 26 -27 28 -175 235 -405 -406 0
a -1 -2 -3 -4 -5 -6 -7 -8 -9 -10 11 12 13 22 23 24 25 26 -27 28 -175 235 -405 -406 0
a -1 -2 -3 -4 -5 -6 -7 -8 -9 -10 11 12 13 22 23 24 25 26 27 28 -175 235 -405 -406 0
a -1 -2 -3 -4 -5 -6 -7 -8 -9 -10 11 12 13 22 23 24 -25 26 27 28 -175 235 -405 -406 0
a -1 -2 -3 -4 -5 -6 -7 -8 -9 -10 11 12 13 22 23 24 -25 -26 27 28 -175 235 -405 -406 0
a -1 -2 -3 -4 -5 -6 -7 -8 -9 -10 11 12 13 22 23 24 25 -26 27 28 -175 235 -405 -406 0
a -1 -2 -3 -4 -5 -6 -7 -8 -9 -10 11 12 13 22 23 -24 25 -26 27 28 -175 235 -405 -406 0
a -1 -2 -3 -4 -5 -6 -7 -8 -9 -10 11 12 13 22 23 -24 -25 -26 27 28 -175 235 -405 -406 0
a -1 -2 -3 -4 -5 -6 -7 -8 -9 -10 11 12 13 22 -23 24 -25 26 27 28 -175 235 -405 -406 0
a -1 -2 -3 -4 -5 -6 -7 -8 -9 -10 11 12 13 22 -23 24 25 26 27 28 -175 235 -405 -406 0
a -1 -2 -3 -4 -5 -6 -7 -8 -9 -10 11 12 13 22 -23 24 25 -26 27 28 -175 235 -405 -406 0
a -1 -2 -3 -4 -5 -6 -7 -8 -9 -10 11 12 13 22 -23 24 -25 -26 27 28 -175 235 -405 -406 0
a -1 -2 -3 -4 -5 -6 -7 -8 -9 -10 11 12 13 14 15 16 17 18 19 20 21 22 -23 24 -25 -26 -27 28 -175 235 -405 -406 0
a -1 -2 -3 -4 -5 -6 -7 -8 -9 -10 11 12 13 22 -23 24 25 -26 -27 28 -175 235 -405 -406 0
a -1 -2 -3 -4 -5 -6 -7 -8 -9 -10 11 12 13 22 -23 24 25 26 -27 28 -175 235 -405 -406 0
a -1 -2 -3 -4 -5 -6 -7 -8 -9 -10 11 12 13 22 -23 24 -25 26 -27 28 -175 235 -405 -406 0
a -1 -2 -3 -4 -5 -6 -7 -8 -9 -10 11 12 13 14 15 16 17 18 19 20 21 -22 -23 24 -25 26 -27 28 -175 235 -405 -406 0
a -1 -2 -3 -4 -5 -6 -7 -8 -9 -10 11 12 13 -22 -23 24 25 26 -27 28 -175 235 -405 -406 0
a -1 -2 -3 -4 -5 -6 -7 -8 -9 -10 11 12 13 14 15 16 17 18 19 20 21 -22 -23 24 25 -26 -27 28 -175 235 -405 -406 0
a -1 -2 -3 -4 -5 -6 -7 -8 -9 -10 11 12 13 -22 -23 24 25 -26 27 28 -175 235 -405 -406 0
a -1 -2 -3 -4 -5 -6 -7 -8 -9 -10 11 12 13 14 15 16 17 18 19 20 21 -22 -23 24 -25 -26 27 28 -175 235 -405 -406 0
a -1 -2 -3 -4 -5 -6 -7 -8 -9 -10 11 12 13 -22 -23 24 -25 26 27 28 -175 235 -405 -406 0
a -1 -2 -3 -4 -5 -6 -7 -8 -9 -10 11 12 13 -22 -23 24 25 26 27 28 -175 235 -405 -406 0
a -1 -2 -3 -4 -5 -6 -7 -8 -9 -10 11 12 -13 22 23 24 25 26 27 28 -175 235 -405 -406 0
a -1 -2 -3 -4 -5 -6 -7 -8 -9 -10 11 12 -13 22 23 24 -25 26 27 28 -175 235 -405 -406 0
a -1 -2 -3 -4 -5 -6 -7 -8 -9 -10 11 12 -13 22 23 24 -25 -26 27 28 -175 235 -405 -406 0
a -1 -2 -3 -4 -5 -6 -7 -8 -9 -10 11 12 -13 22 23 24 25 -26 27 28 -175 235 -405 -406 0
a -1 -2 -3 -4 -5 -6 -7 -8 -9 -10 11 12 -13 22 23 24 25 -26 -27 28 -175 235 -405 -406 0
a -1 -2 -3 -4 -5 -6 -7 -8 -9 -10 11 12 -13 14 15 16 17 18 19 20 21 22 23 24 -25 -26 -27 28 -175 235 -405 -406 0
a -1 -2 -3 -4 -5 -6 -7 -8 -9 -10 11 12 -13 22 23 24 -25 26 -27 28 -175 235 -405 -406 0
a -1 -2 -3 -4 -5 -6 -7 -8 -9 -10 11 12 -13 22 23 24 25 26 -27 28 -175 235 -405 -406 0
a -1 -2 -3 -4 -5 -6 -7 -8 -9 -10 11 12 -13 22 -23 24 25 26 -27 28 -175 235 -405 -406 0
a -1 -2 -3 -4 -5 -6 -7 -8 -9 -10 11 12 -13 14 15 16 17 18 19 20 21 22 -23 24 -25 26 -27 28 -175 235 -405 -406 0
a -1 -2 -3 -4 -5 -6 -7 -8 -9 -10 11 12 -13 14 15 16 17 18 19 20 21 22 -23 24 25 -26 -27 28 -175 235 -405 -406 0
a -1 -2 -3 -4 -5 -6 -7 -8 -9 -10 11 12 -13 22 -23 24 25 -26 27 28 -175 235 -405 -406 0
a -1 -2 -3 -4 -5 -6 -7 -8 -9 -10 11 12 -13 14 15 16 17 18 19 20 21 22 -23 24 -25 -26 27 28 -175 235 -405 -406 0
a -1 -2 -3 -4 -5 -6 -7 -8 -9 -10 11 12 -13 22 -23 24 -25 26 27 28 -175 235 -405 -406 0
a -1 -2 -3 -4 -5 -6 -7 -8 -9 -10 11 12 -13 22 -23 24 25 26 27 28 -175 235 -405 -406 0
a -1 -2 -3 -4 -5 -6 -7 -8 -9 10 11 12 -13 22 -23 24 25 26 27 28 -175 235 -405 -406 0
a -1 -2 -3 -4 -5 -6 -7 -8 -9 10 11 12 -13 22 -23 24 -25 26 27 28 -175 235 -405 -406 0
a -1 -2 -3 -4 -5 -6 -7 -8 -9 10 11 12 -13 22 -23 24 -25 -26 27 28 -175 235 -405 -406 0
a -1 -2 -3 -4 -5 -6 -7 -8 -9 10 11 12 -13 22 -23 24 25 -26 27 28 -175 235 -405 -406 0
a -1 -2 -3 -4 -5 -6 -7 -8 -9 10 11 12 -13 22 -23 24 25 -26 -27 28 -175 235 -405 -406 0
a -1 -2 -3 -4 -5 -6 -7 -8 -9 10 11 12 -13 14 15 16 17 18 19 20 21 22 -23 24 -25 -26 -27 28 -175 235 -405 -406 0
a -1 -2 -3 -4 -5 -6 -7 -8 -9 10 11 12 -13 22 -23 24 -25 26 -27 28 -175 235 -405 -406 0
a -1 -2 -3 -4 -5 -6 -7 -8 -9 10 11 12 -13 22 -23 24 25 26 -27 28 -175 235 -405 -406 0
a -1 -2 -3 -4 -5 -6 -7 -8 -9 10 11 12 -13 22 23 24 25 26 -27 28 -175 235 -405 -406 0
a -1 -2 -3 -4 -5 -6 -7 -8 -9 10 11 12 -13 22 23 24 -25 26 -27 28 -175 235 -405 -406 0
a -1 -2 -3 -4 -5 -6 -7 -8 -9 10 11 12 -13 22 23 24 -25 -26 -27 28 -175 235 -405 -406 0
a -1 -2 -3 -4 -5 -6 -7 -8 -9 10 11 12 -13 22 23 24 25 -26 -27 28 -175 235 -405 -406 0
a -1 -2 -3 -4 -5 -6 -7 -8 -9 10 11 12 -13 22 23 24 25 -26 27 28 -175 235 -405 -406 0
a -1 -2 -3 -4 -5 -6 -7 -8 -9 10 11 12 -13 22 23 24 -25 -26 27 28 -175 235 -405 -406 0
a -1 -2 -3 -4 -5 -6 -7 -8 -9 10 11 12 13 22 23 24 -25 26 27 28 -175 235 -405 -406 0
a -1 -2 -3 -4 -5 -6 -7 -8 -9 10 11 12 13 22 23 24 25 26 27 28 -175 235 -405 -406 0
a -1 -2 -3 -4 -5 -6 -7 -8 -9 10 11 12 13 22 23 24 25 -26 27 28 -175 235 -405 -406 0
a -1 -2 -3 -4 -5 -6 -7 -8 -9 10 11 12 13 22 23 24 -25 -26 27 28 -175 235 -405 -406 0
a -1 -2 -3 -4 -5 -6 -7 -8 -9 10 11 12 13 22 23 24 -25 -26 -27 28 -175 235 -405 -406 0
a -1 -2 -3 -4 -5 -6 -7 -8 -9 10 11 12 13 22 23 24 25 -26 -27 28 -175 235 -405 -406 0
a -1 -2 -3 -4 -5 -6 -7 -8 -9 10 11 12 13 22 23 24 25 26 -27 28 -175 235 -405 -406 0
a -1 -2 -3 -4 -5 -6 -7 -8 -9 10 11 12 13 22 23 24 -25 26 -27 28 -175 235 -405 -406 0
a -1 -2 -3 -4 -5 -6 -7 -8 -9 10 11 12 13 22 -23 24 -25 26 -27 28 -175 235 -405 -406 0
a -1 -2 -3 -4 -5 -6 -7 -8 -9 10 11 12 13 22 -23 24 25 26 -27 28 -175 235 -405 -406 0
a -1 -2 -3 -4 -5 -6 -7 -8 -9 10 11 12 13 22 -23 24 25 -26 -27 28 -175 235 -405 -406 0
a -1 -2 -3 -4 -5 -6 -7 -8 -9 10 11 12 13 22 -23 24 -25 -26 -27 28 -175 235 -405 -406 0
a -1 -2 -3 -4 -5 -6 -7 -8 -9 10 11 12 13 22 -23 24 -25 -26 27 28 -175 235 -405 -406 0
a -1 -2 -3 -4 -5 -6 -7 -8 -9 10 11 12 13 22 -23 24 25 -26 27 28 -175 235 -405 -406 0
a -1 -2 -3 -4 -5 -6 -7 -8 -9 10 11 -12 13 22 23 24 25 26 27 28 -175 235 -405 -406 0
a -1 -2 -3 -4 -5 -6 -7 -8 -9 10 11 -12 13 22 23 24 -25 26 27 28 -175 235 -405 -406 0
a -1 -2 -3 -4 -5 -6 -7 -8 -9 10 11 -12 13 22 23 24 -25 -26 27 28 -175 235 -405 -406 0
a -1 -2 -3 -4 -5 -6 -7 -8 -9 10 11 -12 13 22 23 24 25 -26 27 28 -175 235 -405 -406 0
a -1 -2 -3 -4 -5 -6 -7 -8 -9 10 11 -12 13 22 23 24 25 -26 -27 28 -175 235 -405 -406 0
a -1 -2 -3 -4 -5 -6 -7 -8 -9 10 11 -12 13 22 23 24 -25 -26 -27 28 -175 235 -405 -406 0
a -1 -2 -3 -4 -5 -6 -7 -8 -9 10 11 -12 13 22 23 24 -25 26 -27 28 -175 235 -405 -406 0
a -1 -2 -3 -4 -5 -6 -7 -8 -9 10 11 -12 13 22 23 24 25 26 -27 28 -175 235 -405 -406 0
a -1 -2 -3 -4 -5 -6 -7 -8 -9 -10 11 -12 13 22 23 24 25 26 -27 28 -175 235 -405 -406 0
a -1 -2 -3 -4 -5 -6 -7 -8 -9 -10 11 -12 13 22 23 24 -25 26 -27 28 -175 235 -405 -406 0
a -1 -2 -3 -4 -5 -6 -7 -8 -9 -10 11 -12 13 14 15 16 17 18 19 20 21 22 23 24 -25 -26 -27 28 -175 235 -405 -406 0
a -1 -2 -3 -4 -5 -6 -7 -8 -9 -10 11 -12 13 22 23 24 25 -26 -27 28 -175 235 -405 -406 0
a -1 -2 -3 -4 -5 -6 -7 -8 -9 -10 11 -12 13 22 23 24 25 -26 27 28 -175 235 -405 -406 0
a -1 -2 -3 -4 -5 -6 -7 -8 -9 -10 -11 -12 13 14 15 16 17 18 19 20 21 22 23 24 -25 -26 27 28 -175 235 -405 -406 0
a -1 -2 -3 -4 -5 -6 -7 -8 -9 -10 -11 -12 13 22 23 24 25 -26 27 28 -175 235 -405 -406 0
a -1 -2 -3 -4 -5 -6 -7 -8 -9 -10 -11 -12 13 22 23 24 25 26 27 28 -175 235 -405 -406 0
a -1 -2 -3 -4 -5 -6 -7 -8 -9 -10 -11 -12 13 22 23 24 -25 26 27 28 -175 235 -405 -406 0
a -1 -2 -3 -4 -5 -6 -7 -8 -9 -10 -11 -12 13 14 15 16 17 18 19 20 21 22 23 24 -25 26 -27 28 -175 235 -405 -406 0
a -1 -2 -3 -4 -5 -6 -7 -8 -9 -10 -11 -12 13 22 23 24 25 26 -27 28 -175 235 -405 -406 0
a -1 -2 -3 -4 -5 -6 -7 -8 -9 -10 -11 -12 13 14 15 16 17 18 19 20 21 22 23 24 25 -26 -27 28 -175 235 -405 -406 0
a -1 -2 -3 -4 -5 -6 -7 -8 -9 -10 -11 -12 13 14 15 16 17 18 19 20 21 22 -23 24 25 26 -27 28 -175 235 -405 -406 0
a -1 -2 -3 -4 -5 -6 -7 -8 -9 -10 -11 -12 13 22 -23 24 25 26 27 28 -175 235 -405 -406 0
a -1 -2 -3 -4 -5 -6 -7 -8 -9 -10 -11 -12 13 14 15 16 17 18 19 20 21 22 -23 24 -25 26 27 28 -175 235 -405 -406 0
a -1 -2 -3 -4 -5 -6 -7 -8 -9 -10 -11 -12 13 14 15 16 17 18 19 20 21 22 -23 24 25 -26 27 28 -175 235 -405 -406 0
a -1 -2 -3 -4 -5 -6 -7 -8 -9 -10 -11 -12 -13 14 15 16 17 18 19 20 21 22 -23 24 25 26 27 28 -175 235 -405 -406 0
a -1 -2 -3 -4 -5 -6 -7 -8 -9 -10 -11 -12 -13 22 23 24 25 26 27 28 -175 235 -405 -406 0
a -1 -2 -3 -4 -5 -6 -7 -8 -9 -10 -11 -12 -13 14 15 16 17 18 19 20 21 22 23 24 25 -26 27 28 -175 235 -405 -406 0
a -1 -2 -3 -4 -5 -6 -7 -8 -9 -10 -11 -12 -13 14 15 16 17 18 19 20 21 22 23 24 25 26 -27 28 -175 235 -405 -406 0
a -1 -2 -3 -4 -5 -6 -7 -8 -9 10 -11 -12 13 22 23 24 25 26 -27 28 -175 235 -405 -406 0
a -1 -2 -3 -4 -5 -6 -7 -8 -9 10 -11 -12 13 22 23 24 25 -26 -27 28 -175 235 -405 -406 0
a -1 -2 -3 -4 -5 -6 -7 -8 -9 10 -11 -12 13 22 23 24 25 -26 27 28 -175 235 -405 -406 0
a -1 -2 -3 -4 -5 -6 -7 -8 -9 10 -11 -12 13 22 23 24 25 26 27 28 -175 235 -405 -406 0
a -1 -2 -3 -4 -5 -6 -7 -8 -9 10 -11 12 13 22 23 24 25 26 27 28 -175 235 -405 -406 0
a -1 -2 -3 -4 -5 -6 -7 -8 -9 10 -11 12 13 22 23 24 25 -26 27 28 -175 235 -405 -406 0
a -1 -2 -3 -4 -5 -6 -7 -8 -9 10 -11 12 13 22 23 24 25 -26 -27 28 -175 235 -405 -406 0
a -1 -2 -3 -4 -5 -6 -7 -8 -9 10 -11 12 13 22 23 24 25 26 -27 28 -175 235 -405 -406 0
a -1 -2 -3 -4 -5 -6 -7 -8 -9 -10 -11 12 13 22 23 24 25 26 -27 28 -175 235 -405 -406 0
a -1 -2 -3 -4 -5 -6 -7 -8 -9 -10 -11 12 13 22 23 24 25 -26 -27 28 -175 235 -405 -406 0
a -1 -2 -3 -4 -5 -6 -7 -8 -9 -10 -11 12 13 22 23 24 25 -26 27 28 -175 235 -405 -406 0
a -1 -2 -3 -4 -5 -6 -7 -8 -9 -10 -11 12 13 22 23 24 25 26 27 28 -175 235 -405 -406 0
a -1 -2 -3 -4 -5 -6 -7 -8 -9 -10 -11 12 -13 22 23 24 25 26 27 28 -175 235 -405 -406 0
a -1 -2 -3 -4 -5 -6 -7 -8 -9 -10 -11 12 -13 22 23 24 25 -26 27 28 -175 235 -405 -406 0
a -1 -2 -3 -4 -5 -6 -7 -8 -9 -10 -11 12 -13 14 15 16 17 18 19 20 21 22 23 24 25 -26 -27 28 -175 235 -405 -406 0
a -1 -2 -3 -4 -5 -6 -7 -8 -9 -10 -11 12 -13 22 23 24 25 26 -27 28 -175 235 -405 -406 0
a -1 -2 -3 -4 -5 -6 -7 -8 -9 -10 -11 12 -13 14 15 16 17 18 19 20 21 22 23 -24 25 26 -27 28 -175 235 -405 -406 0
a -1 -2 -3 -4 -5 -6 -7 -8 -9 -10 -11 12 -13 22 23 -24 25 26 27 28 -175 235 -405 -406 0
a -1 -2 -3 -4 -5 -6 -7 -8 -9 -10 -11 12 -13 14 15 16 17 18 19 20 21 22 23 -24 25 -26 27 28 -175 235 -405 -406 0
a -1 -2 -3 -4 -5 -6 -7 -8 -9 -10 -11 12 13 22 23 -24 25 -26 27 28 -175 235 -405 -406 0
a -1 -2 -3 -4 -5 -6 -7 -8 -9 -10 -11 12 13 22 23 -24 25 26 27 28 -175 235 -405 -406 0
a -1 -2 -3 -4 -5 -6 -7 -8 -9 -10 -11 12 13 22 23 -24 25 26 -27 28 -175 235 -405 -406 0
a -1 -2 -3 -4 -5 -6 -7 -8 -9 -10 -11 12 13 14 15 16 17 18 19 20 21 22 23 -24 25 -26 -27 28 -175 235 -405 -406 0
a -1 -2 -3 -4 -5 -6 -7 -8 -9 10 -11 12 13 22 23 -24 25 -26 -27 28 -175 235 -405 -406 0
a -1 -2 -3 -4 -5 -6 -7 -8 -9 10 -11 12 13 22 23 -24 25 26 -27 28 -175 235 -405 -406 0
a -1 -2 -3 -4 -5 -6 -7 -8 -9 10 -11 12 13 22 23 -24 25 26 27 28 -175 235 -405 -406 0
a -1 -2 -3 -4 -5 -6 -7 -8 -9 10 -11 12 13 22 23 -24 25 -26 27 28 -175 235 -405 -406 0
a -1 -2 -3 -4 -5 -6 -7 -8 -9 -10 -11 -12 13 14 15 16 17 18 19 20 21 22 23 -24 25 -26 27 28 -175 235 -405 -406 0
a -1 -2 -3 -4 -5 -6 -7 -8 -9 -10 -11 -12 13 22 23 -24 25 26 27 28 -175 235 -405 -406 0
a -1 -2 -3 -4 -5 -6 -7 -8 -9 -10 -11 -12 13 14 15 16 17 18 19 20 21 22 23 -24 25 26 -27 28 -175 235 -405 -406 0
a -1 -2 -3 -4 -5 -6 -7 -8 -9 -10 -11 -12 -13 14 15 16 17 18 19 20 21 22 23 -24 25 26 27 28 -175 235 -405 -406 0
a -1 -2 -3 -4 -5 -6 -7 -8 -9 -10 -11 -12 13 14 15 16 17 18 19 20 21 22 -23 -24 25 26 27 28 -175 235 -405 -406 0
a -1 -2 -3 -4 -5 -6 -7 -8 -9 -10 -11 -12 13 14 15 16 17 18 19 20 21 -22 23 -24 25 26 27 28 -175 235 -405 -406 0
a -1 -2 -3 -4 -5 -6 -7 -8 -9 -10 -11 12 13 -22 23 -24 25 26 27 28 -175 235 -405 -406 0
a -1 -2 -3 -4 -5 -6 -7 -8 -9 -10 -11 12 13 14 15 16 17 18 19 20 21 -22 23 -24 25 -26 27 28 -175 235 -405 -406 0
a -1 -2 -3 -4 -5 -6 -7 -8 -9 -10 -11 12 13 14 15 16 17 18 19 20 21 -22 23 -24 25 26 -27 28 -175 235 -405 -406 0
a -1 -2 -3 -4 -5 -6 -7 -8 -9 -10 -11 12 -13 14 15 16 17 18 19 20 21 -22 23 -24 25 26 27 28 -175 235 -405 -406 0
a -1 -2 -3 -4 -5 -6 -7 -8 -9 -10 -11 12 13 14 15 16 17 18 19 20 21 -22 23 -24 -25 26 27 28 -175 235 -405 -406 0
a -1 -2 -3 -4 -5 -6 -7 -8 -9 -10 -11 12 13 -22 23 24 -25 26 27 28 -175 235 -405 -406 0
a -1 -2 -3 -4 -5 -6 -7 -8 -9 -10 -11 12 13 14 15 16 17 18 19 20 21 -22 23 24 -25 -26 27 28 -175 235 -405 -406 0
a -1 -2 -3 -4 -5 -6 -7 -8 -9 -10 -11 12 13 14 15 16 17 18 19 20 21 -22 23 24 -25 26 -27 28 -175 235 -405 -406 0
a -1 -2 -3 -4 -5 -6 -7 -8 -9 -10 -11 12 13 -22 23 24 25 26 27 28 -175 235 -405 -406 0
a -1 -2 -3 -4 -5 -6 -7 -8 -9 -10 -11 12 13 -22 23 24 25 -26 27 28 -175 235 -405 -406 0
a -1 -2 -3 -4 -5 -6 -7 -8 -9 -10 -11 12 13 14 15 16 17 18 19 20 21 -22 23 24 25 -26 -27 28 -175 235 -405 -406 0
a -1 -2 -3 -4 -5 -6 -7 -8 -9 -10 -11 12 13 -22 23 24 25 26 -27 28 -175 235 -405 -406 0
a -1 -2 -3 -4 -5 -6 -7 -8 -9 -10 -11 -12 13 14 15 16 17 18 19 20 21 -22 23 24 25 26 -27 28 -175 235 -405 -406 0
a -1 -2 -3 -4 -5 -6 -7 -8 -9 -10 -11 -12 13 -22 23 24 25 26 27 28 -175 235 -405 -406 0
a -1 -2 -3 -4 -5 -6 -7 -8 -9 -10 -11 -12 13 14 15 16 17 18 19 20 21 -22 23 24 25 -26 27 28 -175 235 -405 -406 0
a -1 -2 -3 -4 -5 -6 -7 -8 -9 -10 -11 -12 -13 14 15 16 17 18 19 20 21 -22 23 24 25 26 27 28 -175 235 -405 -406 0
a -1 -2 -3 -4 -5 -6 -7 -8 -9 -10 -11 -12 13 14 15 16 17 18 19 20 21 -22 23 24 -25 26 27 28 -175 235 -405 -406 0
a -1 -2 -3 -4 -5 -6 -7 -8 -9 -10 -11 -12 13 14 15 16 17 18 19 20 21 -22 -23 24 25 26 27 28 -175 235 -405 -406 0
a -1 -2 -3 -4 -5 -6 -7 -8 -9 -10 -11 -12 13 14 15 16 17 18 19 20 21 -22 23 24 25 26 27 -28 -175 235 -405 -406 0
a -1 -2 -3 -4 -5 -6 -7 -8 -9 -10 -11 12 13 -22 23 24 25 26 27 -28 -175 235 -405 -406 0
a -1 -2 -3 -4 -5 -6 -7 -8 -9 -10 -11 12 13 14 15 16 17 18 19 20 21 -22 23 24 25 -26 27 -28 -175 235 -405 -406 0
a -1 -2 -3 -4 -5 -6 -7 -8 -9 -10 -11 -12 13 14 15 16 17 18 19 20 21 22 23 -24 25 26 27 -28 -175 235 -405 -406 0
a -1 -2 -3 -4 -5 -6 -7 -8 -9 -10 -11 12 13 21 22 23 -24 25 26 27 -28 -175 235 -405 -406 0
a -1 -2 -3 -4 -5 -6 -7 -8 -9 -10 -11 12 13 14 15 16 17 18 19 20 22 23 -24 25 -28 -175 235 -405 -406 0
a -1 -2 -3 -4 -5 -6 -7 -8 -9 -10 -11 12 13 14 15 16 17 18 19 20 22 23 24 25 -28 -175 235 -405 -406 0
a -1 -2 -3 -4 -5 -6 -7 -8 -9 -10 -11 12 13 14 15 16 17 18 19 -20 22 23 24 25 -28 -175 235 -405 -406 0
a -1 -2 -3 -4 -5 -6 -7 -8 -9 -10 -11 12 13 18 19 22 23 24 25 -28 -175 235 -405 -406 0
a -1 -2 -3 -4 -5 -6 -7 -8 -9 -10 -11 12 13 -18 19 22 23 24 25 -28 -175 235 -405 -406 0
a -1 -2 -3 -4 -5 -6 -7 -8 -9 -10 -11 12 13 14 15 16 17 -18 -19 20 21 22 23 24 25 26 27 -28 -175 235 -405 -406 0
a -1 -2 -3 -4 -5 -6 -7 -8 -9 -10 -11 12 13 18 -19 22 23 24 25 -28 -175 235 -405 -406 0
a -1 -2 -3 -4 -5 -6 -7 -8 -9 -10 -11 -12 13 14 15 16 17 18 -19 20 21 22 23 24 25 26 27 -28 -175 235 -405 -406 0
a -1 -2 -3 -4 -5 -6 -7 -8 -9 -10 -11 -12 13 18 19 22 23 24 25 -28 -175 235 -405 -406 0
a -1 -2 -3 -4 -5 -6 -7 -8 -9 -10 -11 -12 13 14 15 16 17 -18 19 20 21 22 23 24 25 26 27 -28 -175 235 -405 -406 0
a -1 -2 -3 -4 -5 -6 -7 -8 -9 -10 -11 -12 -13 14 15 16 17 18 19 20 21 22 23 24 25 26 27 -28 -175 235 -405 -406 0
a -1 -2 -3 -4 -5 -6 -7 -8 -9 -10 -11 -12 13 14 15 16 17 18 19 20 21 22 -23 24 25 26 27 -28 -175 235 -405 -406 0
a -1 -2 -3 -4 -5 -6 -7 -8 -9 -10 11 12 13 18 19 22 23 24 25 -28 -175 235 -405 -406 0
a -1 -2 -3 -4 -5 -6 -7 -8 -9 -10 11 12 13 18 -19 22 23 24 25 -28 -175 235 -405 -406 0
a -1 -2 -3 -4 -5 -6 -7 -8 -9 10 11 12 13 18 -19 22 23 24 25 -28 -175 235 -405 -406 0
a -1 -2 -3 -4 -5 -6 -7 -8 -9 10 11 12 13 18 19 22 23 24 25 -28 -175 235 -405 -406 0
a -1 -2 -3 -4 -5 -6 -7 -8 9 10 11 12 13 18 19 22 23 24 25 -28 -175 235 -405 -406 0
a -1 -2 -3 -4 -5 -6 -7 -8 9 10 11 12 13 18 -19 22 23 24 25 -28 -175 235 -405 -406 0
a -1 -2 -3 -4 -5 -6 -7 8 9 10 11 12 13 18 -19 22 23 24 25 -28 -175 235 -405 -406 0
a -1 -2 -3 -4 -5 -6 -7 8 9 10 11 12 13 18 19 22 23 24 25 -28 -175 235 -405 -406 0
a -1 -2 -3 -4 -5 -6 7 8 9 10 11 12 13 18 19 22 23 24 25 -28 -175 235 -405 -406 0
a -1 -2 -3 -4 -5 -6 7 8 9 10 11 12 13 18 -19 22 23 24 25 -28 -175 235 -405 -406 0
a -1 -2 -3 -4 -5 6 7 8 9 10 11 12 13 18 -19 22 23 24 25 -28 -175 235 -405 -406 0
a -1 -2 -3 -4 -5 6 7 8 9 10 11 12 13 -14 -15 -16 -17 18 19 -20 -21 22 23 24 25 -26 -27 -28 -175 235 -405 -406 0
a -1 -2 -3 -4 5 6 7 8 9 10 11 12 13 -14 -15 -16 -17 18 -19 -20 -21 22 23 24 25 -26 -27 -28 -175 235 -405 -406 0
a -1 -2 -3 -4 5 6 7 8 9 10 11 12 13 -14 -15 -16 -17 18 -19 -20 -21 22 23 24 25 -26 -27 -28 175 235 -405 -406 0
a -1 -2 -3 -4 -5 6 7 8 9 10 11 12 13 18 -19 22 23 24 25 -28 175 235 -405 -406 0
a -1 -2 -3 -4 -5 -6 7 8 9 10 11 12 13 18 19 22 23 24 25 -28 175 235 -405 -406 0
a -1 -2 -3 -4 -5 -6 7 8 9 10 11 12 13 18 -19 22 23 24 25 -28 175 235 -405 -406 0
a -1 -2 -3 -4 -5 -6 -7 8 9 10 11 12 13 18 -19 22 23 24 25 -28 175 235 -405 -406 0
a -1 -2 -3 -4 -5 -6 -7 8 9 10 11 12 13 18 19 22 23 24 25 -28 175 235 -405 -406 0
a -1 -2 -3 -4 -5 -6 -7 -8 9 10 11 12 13 18 19 22 23 24 25 -28 175 235 -405 -406 0
a -1 -2 -3 -4 -5 -6 -7 -8 9 10 11 12 13 18 -19 22 23 24 25 -28 175 235 -405 -406 0
a -1 -2 -3 -4 -5 -6 -7 -8 9 10 11 12 13 18 -19 22 23 24 25 28 175 235 -405 -406 0
a -1 -2 -3 -4 -5 -6 -7 -8 9 10 11 12 13 18 19 22 23 24 25 28 175 235 -405 -406 0
a -1 -2 -3 -4 -5 -6 -7 8 9 10 11 12 13 18 19 22 23 24 25 28 175 235 -405 -406 0
a -1 -2 -3 -4 -5 -6 -7 8 9 10 11 12 13 18 -19 22 23 24 25 28 175 235 -405 -406 0
a -1 -2 -3 -4 -5 -6 7 8 9 10 11 12 13 18 -19 22 23 24 25 28 175 235 -405 -406 0
a -1 -2 -3 -4 -5 -6 7 8 9 10 11 12 13 -14 -15 -16 -17 18 19 -20 -21 22 23 24 25 -26 -27 28 175 235 -405 -406 0
a -1 -2 -3 -4 -5 -6 -7 -8 -9 10 11 12 13 14 18 22 23 24 25 28 175 235 -405 -406 0
a -1 -2 -3 -4 -5 -6 -7 -8 -9 10 11 12 13 -14 18 22 23 24 25 28 175 235 -405 -406 0
a -1 -2 -3 -4 -5 -6 -7 -8 -9 -10 11 12 13 14 18 22 23 24 25 28 175 235 -405 -406 0
a -1 -2 -3 -4 -5 -6 -7 -8 -9 -10 11 12 13 14 18 22 23 24 25 -28 175 235 -405 -406 0
a -1 -2 -3 -4 -5 -6 -7 -8 -9 10 11 12 13 14 18 22 23 24 25 -28 175 235 -405 -406 0
a -1 -2 -3 -4 -5 -6 -7 -8 -9 -10 -11 12 13 14 18 22 23 24 25 -28 175 235 -405 -406 0
a -1 -2 -3 -4 -5 -6 -7 -8 -9 -10 -11 12 13 -14 18 22 23 24 25 -28 175 235 -405 -406 0
a -1 -2 -3 -4 -5 -6 -7 -8 -9 -10 -11 -12 13 -14 15 16 17 18 19 20 21 22 23 24 25 26 27 -28 175 235 -405 -406 0
a -1 -2 -3 -4 -5 -6 -7 -8 -9 -10 -11 -12 13 14 18 22 23 24 25 -28 175 235 -405 -406 0
a -1 -2 -3 -4 -5 -6 -7 -8 -9 -10 -11 -12 -13 14 15 16 17 18 19 20 21 22 23 24 25 26 27 -28 175 235 -405 -406 0
a -1 -2 -3 -4 -5 -6 -7 -8 -9 -10 -11 -12 13 14 15 16 17 -18 19 20 21 22 23 24 25 26 27 -28 175 235 -405 -406 0
a -1 -2 -3 -4 -5 -6 -7 -8 -9 -10 -11 12 13 14 -18 22 23 24 25 -28 175 235 -405 -406 0
a -1 -2 -3 -4 -5 -6 -7 -8 -9 -10 -11 12 13 -14 15 16 17 -18 19 20 21 22 23 24 25 26 27 -28 175 235 -405 -406 0
a -1 -2 -3 -4 -5 -6 -7 -8 -9 -10 -11 -12 13 14 15 16 17 18 19 20 21 22 -23 24 25 26 27 -28 175 235 -405 -406 0
a -1 -2 -3 -4 -5 -6 -7 -8 -9 -10 -11 -12 13 14 18 22 -23 24 25 28 175 235 -405 -406 0
a -1 -2 -3 -4 -5 -6 -7 -8 -9 -10 -11 -12 -13 14 15 16 17 18 19 20 21 22 -23 24 25 26 27 28 175 235 -405 -406 0
a -1 -2 -3 -4 -5 -6 -7 -8 -9 -10 -11 -12 13 14 15 16 17 -18 19 20 21 22 -23 24 25 26 27 28 175 235 -405 -406 0
a -1 -2 -3 -4 -5 -6 -7 -8 -9 -10 -11 -12 13 14 -18 22 23 24 25 28 175 235 -405 -406 0
a -1 -2 -3 -4 -5 -6 -7 -8 -9 -10 -11 -12 -13 14 15 16 17 -18 19 20 21 22 23 24 25 26 27 28 175 235 -405 -406 0
a -1 -2 -3 -4 -5 -6 -7 -8 -9 -10 -11 12 13 14 -18 22 23 24 25 28 175 235 -405 -406 0
a -1 -2 -3 -4 -5 -6 -7 -8 -9 -10 -11 12 13 14 18 22 23 24 25 28 175 235 -405 -406 0
a -1 -2 -3 -4 -5 -6 -7 -8 -9 -10 -11 -12 13 14 18 22 23 24 25 28 175 235 -405 -406 0
a -1 -2 -3 -4 -5 -6 -7 -8 -9 -10 -11 -12 -13 14 18 22 23 24 25 28 175 235 -405 -406 0
a -1 -2 -3 -4 -5 -6 -7 -8 -9 -10 -11 -12 -13 -14 15 16 17 18 19 20 21 22 23 24 25 26 27 28 175 235 -405 -406 0
a -1 -2 -3 -4 -5 -6 -7 -8 -9 -10 -11 -12 -13 14 15 16 17 18 19 20 21 22 23 -24 25 26 27 28 175 235 -405 -406 0
a -1 -2 -3 -4 -5 -6 -7 -8 -9 -10 -11 -12 13 14 18 22 23 -24 25 28 175 235 -405 -406 0
a -1 -2 -3 -4 -5 -6 -7 -8 -9 -10 -11 12 13 14 18 22 23 -24 25 28 175 235 -405 -406 0
a -1 -2 -3 -4 -5 -6 -7 -8 -9 -10 -11 12 13 14 -18 22 23 -24 25 28 175 235 -405 -406 0
a -1 -2 -3 -4 -5 -6 -7 -8 -9 -10 -11 -12 13 14 15 16 17 -18 19 20 21 22 23 -24 25 26 27 28 175 235 -405 -406 0
a -1 -2 -3 -4 -5 -6 -7 -8 -9 -10 -11 -12 13 14 15 16 17 18 19 20 21 22 -23 -24 25 26 27 28 175 235 -405 -406 0
a -1 -2 -3 -4 -5 -6 -7 -8 -9 -10 -11 -12 -13 14 15 16 17 18 19 20 21 -22 23 24 25 26 27 28 175 235 -405 -406 0
a -1 -2 -3 -4 -5 -6 -7 -8 -9 -10 -11 -12 13 14 18 19 20 21 -22 23 24 25 26 27 28 175 235 -405 -406 0
a -1 -2 -3 -4 -5 -6 -7 -8 -9 -10 -11 -12 13 14 15 16 17 -22 23 24 25 26 27 28 175 235 -405 -406 0
a -1 -2 -3 -4 -5 -6 -7 -8 -9 -10 -11 -12 13 14 15 16 17 18 19 20 21 -22 24 175 235 -405 -406 0
a -1 -2 -3 -4 -5 6 7 8 9 10 11 12 13 14 -15 -16 -17 18 -19 -20 -21 22 23 24 25 -26 -27 -28 -235 -405 -406 0
a -1 -2 -3 -4 -5 -6 7 8 9 10 11 12 13 14 -16 -17 18 22 23 24 25 -235 -405 -406 0
a -1 -2 -3 -4 -5 -6 7 8 9 10 11 12 13 14 -15 16 -17 18 -19 -20 -21 22 23 24 25 -26 -27 -28 -235 -405 -406 0
a -1 -2 -3 -4 -5 -6 7 8 9 10 11 12 13 14 -15 -16 17 18 -19 -20 -21 22 23 24 25 -26 -27 -28 -235 -405 -406 0
a -1 -2 -3 -4 -5 -6 -7 8 9 10 11 12 13 14 -16 17 18 22 23 24 25 -235 -405 -406 0
a -1 -2 -3 -4 -5 -6 -7 8 9 10 11 12 13 14 -15 16 17 18 -19 -20 -21 22 23 24 25 -26 -27 -28 -235 -405 -406 0
a -1 -2 -3 -4 -5 -6 -7 -8 9 10 11 12 13 14 16 -17 18 22 23 24 25 -235 -405 -406 0
a -1 -2 -3 -4 -5 -6 -7 -8 9 10 11 12 13 14 -16 -17 18 22 23 24 25 -235 -405 -406 0
a -1 -2 -3 -4 -5 -6 -7 -8 9 10 11 12 13 14 -16 17 18 22 23 24 25 -235 -405 -406 0
a -1 -2 -3 -4 -5 -6 -7 -8 9 10 11 12 13 14 16 17 18 22 23 24 25 -235 -405 -406 0
a -1 -2 -3 -4 -5 -6 -7 -8 -9 10 11 12 13 14 16 17 18 22 23 24 25 -235 -405 -406 0
a -1 -2 -3 -4 -5 -6 -7 -8 -9 10 11 12 13 14 -16 17 18 22 23 24 25 -235 -405 -406 0
a -1 -2 -3 -4 -5 -6 -7 -8 -9 10 11 12 13 14 -16 -17 18 22 23 24 25 -235 -405 -406 0
a -1 -2 -3 -4 -5 -6 -7 -8 -9 10 11 12 13 14 16 -17 18 22 23 24 25 -235 -405 -406 0
a -1 -2 -3 -4 -5 -6 -7 -8 -9 -10 11 12 13 14 16 -17 18 22 23 24 25 -235 -405 -406 0
a -1 -2 -3 -4 -5 -6 -7 -8 -9 -10 11 12 13 14 15 -16 -17 18 19 20 21 22 23 24 25 -235 -405 -406 0
a -1 -2 -3 -4 -5 -6 -7 -8 -9 -10 11 12 13 14 -16 17 18 22 23 24 25 -235 -405 -406 0
a -1 -2 -3 -4 -5 -6 -7 -8 -9 -10 11 12 13 14 16 17 18 22 23 24 25 -235 -405 -406 0
a -1 -2 -3 -4 -5 -6 -7 -8 -9 -10 -11 12 13 14 16 17 18 22 23 24 25 -235 -405 -406 0
a -1 -2 -3 -4 -5 -6 -7 -8 -9 -10 -11 12 13 14 15 -16 17 18 19 20 21 22 23 24 25 -235 -405 -406 0
a -1 -2 -3 -4 -5 -6 -7 -8 -9 -10 -11 12 13 14 15 16 -17 18 19 20 21 22 23 24 25 -235 -405 -406 0
a -1 -2 -3 -4 -5 -6 -7 -8 -9 -10 -11 12 13 14 15 16 17 -18 19 20 21 22 23 24 25 -235 -405 -406 0
a -1 -2 -3 -4 -5 -6 -7 -8 -9 -10 -11 -12 13 14 15 16 17 18 19 20 21 22 23 24 25 -235 -405 -406 0
a -1 -2 -3 -4 -5 -6 -7 -8 -9 -10 -11 -12 -13 -14 15 16 17 18 19 20 21 22 23 24 25 26 27 28 -235 -405 -406 0
a -1 -2 -3 -4 -5 -6 -7 -8 -9 -10 -11 -12 -13 14 16 17 18 22 23 24 25 -235 -405 -406 0
a -1 -2 -3 -4 -5 -6 -7 -8 -9 -10 -11 -12 -13 14 15 -16 17 18 19 20 21 22 23 24 25 26 27 28 -235 -405 -406 0
a -1 -2 -3 -4 -5 -6 -7 -8 -9 -10 -11 -12 -13 14 15 16 -17 18 19 20 21 22 23 24 25 26 27 28 -235 -405 -406 0
a -1 -2 -3 -4 -5 -6 -7 -8 -9 -10 -11 -12 -13 14 15 16 17 18 19 20 21 22 -23 24 25 26 27 28 -235 -405 -406 0
a -1 -2 -3 -4 -5 -6 -7 -8 -9 -10 -11 -12 -13 14 15 16 17 -18 19 20 21 22 23 24 25 26 27 28 -235 -405 -406 0
a -1 -2 -3 -4 -5 -6 -7 -8 -9 -10 -11 -12 13 14 16 17 -18 22 23 24 25 -235 -405 -406 0
a -1 -2 -3 -4 -5 -6 -7 -8 -9 -10 -11 -12 13 14 15 -16 17 -18 19 20 21 22 23 24 25 26 27 28 -235 -405 -406 0
a -1 -2 -3 -4 -5 -6 -7 -8 -9 -10 -11 -12 13 14 15 16 -17 -18 19 20 21 22 23 24 25 26 27 28 -235 -405 -406 0
a -1 -2 -3 -4 -5 -6 -7 -8 -9 -10 -11 -12 13 14 16 -17 18 22 23 24 25 -235 -405 -406 0
a -1 -2 -3 -4 -5 -6 -7 -8 -9 -10 -11 -12 13 14 15 -16 -17 18 19 20 21 22 23 24 25 26 27 28 -235 -405 -406 0
a -1 -2 -3 -4 -5 -6 -7 -8 -9 -10 -11 -12 13 14 -16 17 18 22 23 24 25 -235 -405 -406 0
a -1 -2 -3 -4 -5 -6 -7 -8 -9 -10 -11 -12 13 14 16 17 18 22 23 24 25 -235 -405 -406 0
a -1 -2 -3 -4 -5 -6 -7 -8 -9 -10 -11 12 13 14 15 -16 17 18 22 23 24 25 -235 -405 -406 0
a -1 -2 -3 -4 -5 -6 -7 -8 -9 -10 -11 12 13 14 15 -17 18 22 23 24 25 -235 -405 -406 0
a -1 -2 -3 -4 -5 -6 -7 -8 -9 -10 -11 12 13 14 15 -17 -18 22 23 24 25 -235 -405 -406 0
a -1 -2 -3 -4 -5 -6 -7 -8 -9 -10 -11 12 13 14 15 17 -18 22 23 24 25 -235 -405 -406 0
a -1 -2 -3 -4 -5 -6 -7 -8 -9 -10 11 12 13 14 15 -16 -17 18 22 23 24 25 -235 -405 -406 0
a -1 -2 -3 -4 -5 -6 -7 -8 -9 -10 -11 -12 13 14 15 16 -17 18 19 20 21 -22 23 24 25 26 27 28 -235 -405 -406 0
a -1 -2 -3 -4 -5 -6 -7 -8 -9 -10 -11 -12 13 14 15 17 18 -22 23 24 25 -235 -405 -406 0
a -1 -2 -3 -4 -5 -6 -7 -8 -9 -10 -11 -12 13 14 -15 16 17 18 19 20 21 -22 23 24 25 26 27 28 -235 -405 -406 0
a -1 -2 -3 -4 -5 -6 -7 -8 -9 -10 -11 -12 13 14 15 16 17 18 19 20 21 -22 23 24 -25 26 27 28 -235 -405 -406 0
a -1 -2 -3 -4 -5 -6 -7 -8 -9 -10 -11 -12 13 14 15 16 17 -18 19 20 21 -22 23 24 25 26 27 28 -235 -405 -406 0
a -1 -2 -3 -4 -5 -6 -7 -8 -9 -10 -11 -12 -13 14 15 16 17 18 19 20 21 -22 23 24 25 26 27 28 -235 -405 -406 0
a -1 -2 -3 -4 -5 -6 -7 -8 -9 -10 -11 -12 -13 14 15 16 17 18 19 20 21 22 23 -24 25 26 27 28 -235 -405 -406 0
a -1 -2 -3 -4 -5 -6 -7 -8 -9 -10 -11 -12 -13 14 15 16 17 18 19 20 21 22 23 -24 25 26 27 28 -235 405 -406 0
a -1 -2 -3 -4 -5 -6 -7 -8 -9 -10 -11 -12 -13 14 15 16 17 18 19 20 21 22 24 25 -235 405 -406 0
a -1 -2 -3 -4 -5 -6 -7 -8 -9 -10 -11 -12 -13 14 15 22 23 24 25 26 27 28 -235 405 -406 0
a -1 -2 -3 -4 -5 -6 -7 -8 -9 -10 -11 -12 13 14 15 22 23 24 25 26 27 28 -235 405 -406 0
a -1 -2 -3 -4 -5 -6 -7 -8 -9 -10 -11 -12 13 14 15 22 23 24 25 -26 27 28 -235 405 -406 0
a -1 -2 -3 -4 -5 -6 -7 -8 -9 -10 -11 -12 13 14 15 22 23 24 25 -27 28 -235 405 -406 0
a -1 -2 -3 -4 -5 -6 -7 -8 -9 -10 -11 -12 13 14 15 16 17 18 19 20 21 22 23 24 25 26 -27 -28 -235 405 -406 0
a -1 -2 -3 -4 -5 -6 -7 -8 -9 -10 -11 -12 13 14 15 22 23 24 25 27 -28 -235 405 -406 0
a -1 -2 -3 -4 -5 -6 -7 -8 -9 -10 -11 12 13 14 15 22 23 24 25 27 -28 -235 405 -406 0
a -1 -2 -3 -4 -5 -6 -7 -8 -9 -10 -11 12 13 14 15 22 23 24 25 -27 -28 -235 405 -406 0
a -1 -2 -3 -4 -5 -6 -7 -8 -9 -10 -11 12 13 14 15 22 23 24 25 -27 28 -235 405 -406 0
a -1 -2 -3 -4 -5 -6 -7 -8 -9 -10 -11 12 13 14 15 22 23 24 25 27 28 -235 405 -406 0
a -1 -2 -3 -4 -5 -6 -7 -8 -9 -10 11 12 13 14 15 18 22 23 24 25 28 -235 405 -406 0
a -1 -2 -3 -4 -5 -6 -7 -8 -9 -10 11 12 13 14 15 18 22 23 24 25 -28 -235 405 -406 0
a -1 -2 -3 -4 -5 -6 -7 -8 -9 10 11 12 13 14 15 18 22 23 24 25 -28 -235 405 -406 0
a -1 -2 -3 -4 -5 -6 -7 -8 -9 10 11 12 13 14 15 18 22 23 24 25 28 -235 405 -406 0
a -1 -2 -3 -4 -5 -6 -7 -8 9 10 11 12 13 14 15 18 22 23 24 25 28 -235 405 -406 0
a -1 -2 -3 -4 -5 -6 -7 -8 9 10 11 12 13 14 15 18 22 23 24 25 -28 -235 405 -406 0
a -1 -2 -3 -4 -5 -6 -7 -8 -9 -10 -11 -12 -13 -14 15 16 17 18 19 20 21 22 23 24 25 26 27 28 -235 405 -406 0
a -1 -2 -3 -4 -5 -6 -7 -8 -9 -10 -11 -12 -13 14 15 16 17 18 19 20 21 -22 23 24 25 26 27 28 -235 405 -406 0
a -1 -2 -3 -4 -5 -6 -7 -8 -9 -10 -11 -12 13 14 15 16 17 18 -22 23 24 -235 405 -406 0
a -1 -2 -3 -4 -5 -6 -7 -8 -9 -10 -11 -12 13 14 15 -16 17 18 19 20 21 -22 23 24 25 26 27 28 -235 405 -406 0
a -1 -2 -3 -4 -5 -6 -7 -8 -9 -10 -11 -12 13 14 15 16 -17 18 19 20 21 -22 23 24 25 26 27 28 -235 405 -406 0
a -1 -2 -3 -4 -5 -6 -7 -8 -9 -10 -11 -12 13 14 15 16 17 -18 19 20 21 -22 23 24 25 26 27 28 -235 405 -406 0
a -1 -2 -3 -4 -5 -6 -7 -8 -9 -10 -11 -12 13 14 15 16 17 -18 19 20 21 -22 23 24 25 26 27 28 235 405 -406 0
a -1 -2 -3 -4 -5 -6 -7 -8 -9 -10 -11 -12 13 14 15 16 17 18 -22 23 24 235 405 -406 0
a -1 -2 -3 -4 -5 -6 -7 -8 -9 -10 -11 -12 13 14 15 -16 17 18 19 20 21 -22 23 24 25 26 27 28 235 405 -406 0
a -1 -2 -3 -4 -5 -6 -7 -8 -9 -10 -11 -12 13 14 15 16 -17 18 19 20 21 -22 23 24 25 26 27 28 235 405 -406 0
a -1 -2 -3 -4 -5 -6 -7 -8 -9 -10 -11 -12 -13 14 15 16 17 18 19 20 21 -22 23 24 25 26 27 28 235 405 -406 0
a -1 -2 -3 -4 -5 -6 -7 -8 -9 -10 -11 -12 -13 14 15 16 17 18 22 23 25 235 405 -406 0
a -1 -2 -3 -4 -5 -6 -7 -8 -9 -10 -11 -12 -13 14 15 -16 17 18 19 20 21 22 23 24 25 26 27 28 235 405 -406 0
a -1 -2 -3 -4 -5 -6 -7 -8 -9 -10 -11 -12 -13 14 15 16 17 -18 19 20 21 22 23 24 25 26 27 28 235 405 -406 0
a -1 -2 -3 -4 -5 -6 -7 -8 -9 -10 -11 -12 -13 14 15 16 17 18 19 20 21 22 -23 24 25 26 27 28 235 405 -406 0
a -1 -2 -3 -4 -5 -6 -7 -8 -9 -10 -11 -12 13 14 15 17 18 22 23 24 25 235 405 -406 0
a -1 -2 -3 -4 -5 -6 -7 -8 -9 -10 -11 -12 13 14 15 17 -18 22 23 24 25 235 405 -406 0
a -1 -2 -3 -4 -5 -6 -7 -8 -9 -10 -11 12 13 14 15 17 -18 22 23 24 25 235 405 -406 0
a -1 -2 -3 -4 -5 -6 -7 -8 -9 -10 -11 12 13 14 15 17 18 22 23 24 25 235 405 -406 0
a -1 -2 -3 -4 -5 -6 -7 -8 -9 -10 11 12 13 14 15 17 18 22 23 24 25 235 405 -406 0
a -1 -2 -3 -4 -5 -6 -7 -8 -9 10 11 12 13 14 15 17 18 22 23 24 25 235 405 -406 0
a -1 -2 -3 -4 -5 -6 -7 -8 9 10 11 12 13 14 15 17 18 22 23 24 25 235 405 -406 0
a -1 -2 -3 -4 -5 -6 -7 -8 -9 -10 -11 -12 -13 -14 15 16 17 18 19 20 21 22 23 24 25 26 27 28 235 405 -406 0
a -1 -2 -3 -4 -5 -6 -7 -8 -9 -10 -11 -12 -13 -14 15 16 17 18 19 20 21 22 23 24 25 26 27 28 406 0
a -1 -2 -3 -4 -5 -6 -7 -8 -9 -10 -11 -12 -13 14 15 16 17 18 22 23 24 25 28 406 0
a -1 -2 -3 -4 -5 -6 -7 -8 -9 -10 -11 -12 -13 14 15 16 17 18 19 20 21 22 23 24 25 26 27 -28 406 0
a -1 -2 -3 -4 -5 -6 -7 -8 -9 -10 -11 -12 -13 14 15 -16 17 18 19 20 21 22 23 24 25 26 27 28 406 0
a -1 -2 -3 -4 -5 -6 -7 -8 -9 -10 -11 -12 -13 14 15 16 17 18 19 20 21 22 23 -24 25 26 27 28 406 0
a -1 -2 -3 -4 -5 -6 -7 -8 -9 -10 -11 -12 -13 14 15 16 17 18 19 20 21 22 -23 24 25 26 27 28 406 0
a -1 -2 -3 -4 -5 -6 -7 -8 -9 -10 -11 -12 13 14 15 16 17 18 22 23 24 25 28 406 0
a -1 -2 -3 -4 -5 -6 -7 -8 -9 -10 -11 -12 13 14 15 16 17 18 22 23 24 25 -28 406 0
a -1 -2 -3 -4 -5 -6 -7 -8 -9 -10 -11 -12 13 14 15 -16 17 18 19 20 21 22 23 24 25 26 27 -28 406 0
a -1 -2 -3 -4 -5 -6 -7 -8 -9 -10 -11 -12 13 14 15 -16 17 18 22 23 24 25 28 406 0
a -1 -2 -3 -4 -5 -6 -7 -8 -9 -10 -11 12 13 14 15 -16 17 18 22 23 24 25 28 406 0
a -1 -2 -3 -4 -5 -6 -7 -8 -9 -10 -11 12 13 14 15 -16 17 18 22 23 24 25 -28 406 0
a -1 -2 -3 -4 -5 -6 -7 -8 -9 -10 -11 12 13 14 15 16 17 18 22 23 24 25 -28 406 0
a -1 -2 -3 -4 -5 -6 -7 -8 -9 -10 -11 12 13 14 15 16 17 18 22 23 24 25 28 406 0
a -1 -2 -3 -4 -5 -6 -7 -8 -9 -10 11 12 13 14 15 16 17 18 22 23 24 25 28 406 0
a -1 -2 -3 -4 -5 -6 -7 -8 -9 -10 11 12 13 14 15 16 17 18 22 23 24 25 -28 406 0
a -1 -2 -3 -4 -5 -6 -7 -8 -9 -10 11 12 13 14 15 -16 17 18 22 23 24 25 -28 406 0
a -1 -2 -3 -4 -5 -6 -7 -8 -9 -10 11 12 13 14 15 -16 17 18 22 23 24 25 28 406 0
a -1 -2 -3 -4 -5 -6 -7 -8 -9 10 11 12 13 14 15 16 17 18 -19 -20 -21 22 23 24 25 -26 -27 28 406 0
a -1 -2 -3 -4 -5 -6 -7 -8 -9 10 11 12 13 14 15 16 17 18 22 23 24 25 -28 406 0
a -1 -2 -3 -4 -5 -6 -7 -8 9 10 11 12 13 14 15 16 17 18 -19 -20 -21 22 23 24 25 -26 -27 -28 406 0
a -1 -2 -3 -4 -5 -6 -7 -8 -9 -10 -11 -12 13 14 15 16 17 18 19 20 21 -22 23 24 25 26 27 -28 406 0
a -1 -2 -3 -4 -5 -6 -7 -8 -9 -10 -11 -12 13 14 15 16 17 18 -22 23 24 25 28 406 0
a -1 -2 -3 -4 -5 -6 -7 -8 -9 -10 -11 -12 13 14 15 -16 17 18 19 20 21 -22 23 24 25 26 27 28 406 0
a -1 -2 -3 -4 -5 -6 -7 -8 -9 -10 -11 -12 13 14 15 16 17 18 19 20 21 -22 23 24 -25 26 27 28 406 0
a -1 -2 -3 -4 -5 -6 -7 -8 -9 -10 -11 -12 -13 14 15 16 17 18 19 20 21 -22 23 24 25 26 27 28 406 0
